0,23.1539702813,113.3488858973,加油加气站,风景区,维修点,报刊亭,福利机构,游乐园,农林园艺,港口,报刊亭,飞机场
1,23.1845459186,113.3064720159,剧院,车站出口,运动健身,文化宫,文化宫,山峰,水系,汽车配件,公司,山峰
2,23.0256460800,113.3020962154,新闻出版,地铁线路,中餐厅,海滨浴场,展览馆,药店,山峰,展览馆,星级酒店,银行
3,23.1688590326,113.3599742113,政府机构,火车站,超市,综合医院,党派团体,极限运动场所,港口,飞机场,商铺,综合医院
4,23.1980202512,113.3437489595,购物,综合医院,行政单位,文物古迹,美体,公交线路,诊所,门（备注：建筑物和建筑物群的门）,水族馆,小学
5,23.0296674520,113.3197434446,风景区,汽车销售,公司,银行,宿舍,动物园,桥,急救中心,极限运动场所,典当行
6,23.1932642507,113.3629762261,蛋糕甜品店,展览馆,政治教育机构,药店,涉外机构,公司企业,培训机构,家政服务,留学中介机构,中央机构
7,23.0085166928,113.3250462288,歌舞厅,涉外机构,健身中心,急救中心,政府机构,高速公路入口,蛋糕甜品店,汽车服务,综合医院,幼儿园
8,23.0286246069,113.3777049892,宠物服务,机场出口,农林园艺,农家院,飞机场,山峰,急救中心,购物,综合医院,中餐厅
9,23.0249507551,113.3442167675,车站入口,幼儿园,广播电视,房产中介机构,宠物服务,农林园艺,洗浴按摩,诊所,疗养院,机场出口
10,23.0107651838,113.3255261947,博物馆,售票处,体检机构,收费站,山峰,交通设施,殡葬服务,收费站,体育场馆,广播电视
11,23.1614027676,113.3769381430,外国餐厅,山峰,运动健身,银行,歌舞厅,出入口,科研机构,交通设施,高速公路入口,运动健身
12,23.0338937197,113.3396568835,水族馆,丽人,海滨浴场,风景区,火车站,游戏场所,商铺,家电数码,美体,公交车站
13,23.0209876234,113.3403851523,家政服务,宿舍,度假村,商铺,博物馆,汽车美容,药店,疗养院,美食,车站入口
14,23.1691512690,113.3405647841,超市,百货商场,公司,地铁线路,超市,汽车配件,福利机构,汽车检测场,电影院,中学
15,23.0258022258,113.3081283038,风景区,休闲娱乐,体检机构,幼儿园,网吧,ATM,游戏场所,汽车销售,极限运动场所,快捷酒店
16,23.1625283563,113.3512662490,售票处,海滨浴场,公司,高速公路入口,地铁站,报刊亭,汽车销售,家政服务,酒吧,农家院
17,23.0046865855,113.3622024360,水系,汽车销售,公园,成人教育,地铁站,照相馆,投资理财,收费站,水系,超市
18,23.0164817816,113.3748748171,汽车检测场,动物园,KTV,海滨浴场,科技馆,小吃快餐店,报刊亭,路侧停车位,山峰,急救中心
19,23.1788716678,113.3133723054,超市,充电站,美甲,百货商场,休闲娱乐,厂矿,飞机场,快捷酒店,汽车服务,特殊教育学校
20,23.0164612040,113.3566690575,长途汽车站,公交线路,博物馆,图书馆,停车场,专科医院,歌舞厅,动物园,网吧,公司企业
21,23.1915375537,113.3423813781,动物园,宿舍,中学,美发,专科医院,政治教育机构,蛋糕甜品店,党派团体,海滨浴场,特殊教育学校
22,23.1777147352,113.3897647827,蛋糕甜品店,涉外机构,中餐厅,留学中介机构,KTV,特殊教育学校,星级酒店,歌舞厅,健身中心,高速公路出口
23,23.0430281278,113.3158490182,宠物服务,健身中心,汽车配件,健身中心,图文快印店,停车场,科研机构,地铁线路,水族馆,美容
24,23.0300279811,113.3134181371,交通设施,综合医院,购物,外国餐厅,中餐厅,家居建材,停车场,地铁站,公检法机构,科技馆
25,23.1873161705,113.3344851205,科研机构,药店,急救中心,家政服务,信用社,彩票销售点,农家院,中餐厅,维修点,农林园艺
26,23.0284611104,113.3960524385,运动健身,汽车维修,剧院,公司企业,住宅区,厂矿,旅游景点,金融,机场出口,飞机场
27,23.0172853762,113.3784201458,投资理财,各级政府,中学,通讯营业厅,美甲,家居建材,彩票销售点,百货商场,运动健身,汽车美容
28,23.1766836658,113.3912930785,游戏场所,幼儿园,充电站,旅游景点,长途汽车站,茶座,旅游景点,图书馆,照相馆,便利店
29,23.0164934818,113.3247024937,公用事业,高速公路入口,公检法机构,各级政府,幼儿园,住宅区,图文快印店,公司企业,歌舞厅,星级酒店
30,23.1761670300,113.3046111867,高速公路入口,小学,中学,自然地物,售票处,游戏场所,写字楼,运动健身,快捷酒店,星级酒店
31,23.1833033626,113.3253939247,健身中心,银行,通讯营业厅,家居建材,展览馆,美容,飞机场,维修点,出入口,殡葬服务
32,23.1692795502,113.3106181974,网吧,外国餐厅,投资理财,维修点,停车场,ATM,广播电视,停车场出入口,教育培训,KTV
33,23.0396165592,113.3511977855,成人教育,各级政府,公共厕所,公交线路,门（备注：建筑物和建筑物群的门）,教育培训,公园,图书馆,机场入口,展览馆
34,23.0272395737,113.3166197896,物流公司,售票处,服务区,公交车站,机场出口,海滨浴场,园区,金融,房地产,维修点
35,23.0209164260,113.3251836097,中餐厅,体育场馆,殡葬服务,疾控中心,水系,停车场出入口,农家院,快捷酒店,展览馆,游戏场所
36,23.0449166978,113.3767291891,公交线路,酒店,星级酒店,银行,通讯营业厅,车站出口,集市,公司,门（备注：建筑物和建筑物群的门）,投资理财
37,23.0069256835,113.3939255908,购物中心,医疗,新闻出版,照相馆,停车场出入口,政府机构,展览馆,园区,培训机构,彩票销售点
38,23.0436317928,113.3226561012,成人教育,汽车维修,政府机构,写字楼,物流公司,公寓式酒店,维修点,星级酒店,咖啡厅,公交线路
39,23.1929058644,113.3092513623,高速公路入口,度假村,美体,公检法机构,家电数码,美容,山峰,洗浴按摩,丽人,海滨浴场
40,23.1503914364,113.3922290789,水族馆,汽车服务,运动健身,住宅区,教堂,金融,服务区,科技馆,酒店,停车场出入口
41,23.0204737417,113.3228013787,洗浴按摩,超市,港口,各级政府,银行,专科医院,公寓式酒店,党派团体,房产中介机构,停车场出入口
42,23.0174025936,113.3047754071,歌舞厅,中央机构,咖啡厅,美食,厂矿,园区,艺术团体,植物园,高等院校,报刊亭
43,23.1837825524,113.3277281453,信用社,服务区,电影院,政治教育机构,高速公路出口,培训机构,KTV,集市,博物馆,美体
44,23.1692485321,113.3536741101,投资理财,文化传媒,电影院,汽车销售,售票处,车站出口,购物,住宅区,便利店,文物古迹
45,23.0020134331,113.3171183975,收费站,教育培训,桥,信用社,教堂,新闻出版,文物古迹,新闻出版,休闲娱乐,剧院
46,23.0167670978,113.3607140076,汽车服务,丽人,房产中介机构,培训机构,ATM,商铺,ATM,歌舞厅,体检机构,展览馆
47,23.0023451575,113.3671002923,中学,动物园,山峰,宠物服务,文物古迹,自然地物,家政服务,度假村,汽车检测场,疗养院
48,23.1564576453,113.3643301865,文物古迹,信用社,展览馆,汽车配件,门（备注：建筑物和建筑物群的门）,高等院校,汽车检测场,投资理财,美食,宿舍
49,23.1889179303,113.3941015399,房产中介机构,网吧,医疗,运动健身,购物中心,车站入口,科研机构,广播电视,家政服务,公园
50,23.1821530952,113.3943586783,水族馆,公园,飞机场,KTV,动物园,高等院校,交通设施,ATM,写字楼,茶座
51,23.1827796329,113.3803533310,运动健身,收费站,外国餐厅,茶座,高等院校,公寓式酒店,外国餐厅,水系,车站出口,山峰
52,23.1717286928,113.3196404956,火车站,服务区,KTV,火车站,咖啡厅,服务区,广播电视,住宅区,新闻出版,美体
53,23.0054006022,113.3094888021,地铁线路,蛋糕甜品店,自然地物,汽车美容,水系,酒店,展览馆,生活服务,特殊教育学校,百货商场
54,23.1757792448,113.3416226216,急救中心,教堂,公司企业,信用社,公交车站,车站出口,艺术团体,培训机构,生活服务,中央机构
55,23.0440656028,113.3049637254,高等院校,电影院,体检机构,健身中心,便利店,桥,门（备注：建筑物和建筑物群的门）,成人教育,写字楼,广播电视
56,23.0274817706,113.3470449445,中餐厅,报刊亭,水系,游乐园,美体,党派团体,外国餐厅,汽车维修,美甲,文化传媒
57,23.1812994524,113.3180309534,广播电视,汽车维修,党派团体,门（备注：建筑物和建筑物群的门）,培训机构,通讯营业厅,美体,各级政府,星级酒店,综合医院
58,23.0132706098,113.3258685271,KTV,出入口,文化宫,特殊教育学校,汽车维修,政府机构,艺术团体,火车站,美体,综合医院
59,23.1924552356,113.3691291316,汽车检测场,写字楼,车站入口,宿舍,公交线路,机场出口,星级酒店,快捷酒店,厂矿,停车场
60,23.1924872353,113.3067920160,新闻出版,文化宫,公用事业,植物园,电影院,商铺,风景区,公司企业,物流公司,汽车租赁
61,23.0156918638,113.3068000304,急救中心,美甲,信用社,外国餐厅,疾控中心,丽人,照相馆,急救中心,港口,美发
62,23.0308271824,113.3620193929,房地产,家政服务,福利机构,教育培训,星级酒店,购物,园区,美发,家居建材,文化传媒
63,23.1767902734,113.3116278022,公交线路,汽车检测场,中餐厅,公寓式酒店,岛屿,党派团体,自然地物,游乐园,汽车销售,各级政府
64,23.0171915685,113.3853836960,邮局,中央机构,信用社,房产中介机构,诊所,植物园,汽车服务,党派团体,公寓式酒店,高等院校
65,23.0076052958,113.3391973233,动物园,机场入口,度假村,银行,美发,运动健身,自然地物,汽车美容,服务区,快捷酒店
66,23.1664610083,113.3534977068,留学中介机构,地铁线路,教育培训,售票处,动物园,中学,报刊亭,机场出口,百货商场,科研机构
67,23.0314228106,113.3656977773,中央机构,运动健身,专科医院,售票处,房产中介机构,专科医院,车站出口,汽车租赁,艺术团体,岛屿
68,23.1717446635,113.3382940671,特殊教育学校,亲子教育,公交车站,水系,出入口,文化传媒,物流公司,博物馆,公寓式酒店,蛋糕甜品店
69,23.0010895505,113.3725514186,集市,港口,药店,维修点,科技馆,广播电视,政治教育机构,银行,信用社,幼儿园
70,23.1588175418,113.3511336171,自然地物,售票处,港口,便利店,文化宫,政治教育机构,便利店,园区,汽车维修,售票处
71,23.1665054517,113.3823264727,写字楼,展览馆,药店,文化传媒,中学,中餐厅,房产中介机构,农林园艺,公交线路,诊所
72,23.0127441514,113.3636022239,桥,长途汽车站,门（备注：建筑物和建筑物群的门）,科研机构,艺术团体,银行,家居建材,厂矿,机场入口,桥
73,23.0169162447,113.3371969756,购物中心,蛋糕甜品店,公园,物流公司,美发,极限运动场所,科技馆,路侧停车位,农家院,特殊教育学校
74,23.1920968550,113.3681827334,汽车租赁,外国餐厅,博物馆,休闲广场,公园,充电站,汽车美容,游戏场所,公共厕所,加油加气站
75,23.1904164982,113.3933412760,医疗,文化传媒,公交车站,地铁站,美术馆,疾控中心,彩票销售点,银行,图文快印店,车站出口
76,23.0197124079,113.3131801030,文化宫,游戏场所,写字楼,医疗,殡葬服务,诊所,游乐园,党派团体,殡葬服务,美术馆
77,23.1681711007,113.3899248303,彩票销售点,交通设施,加油加气站,山峰,新闻出版,教育培训,旅游景点,收费站,疾控中心,公用事业
78,23.0405903198,113.3705941661,小学,星级酒店,出入口,党派团体,科技馆,农林园艺,车站入口,中央机构,福利机构,自然地物
79,23.1740857457,113.3396918251,美甲,星级酒店,银行,长途汽车站,信用社,农林园艺,报刊亭,专科医院,家政服务,洗衣店
80,23.1673218210,113.3730758907,公共厕所,收费站,生活服务,公用事业,文物古迹,山峰,公交车站,加油加气站,物流公司,新闻出版
81,23.1820046724,113.3796940725,美体,动物园,公交线路,图书馆,通讯营业厅,特殊教育学校,体育场馆,家居建材,极限运动场所,地铁线路
82,23.1913483968,113.3866694316,快捷酒店,写字楼,彩票销售点,诊所,旅游景点,地铁站,殡葬服务,典当行,展览馆,海滨浴场
83,23.1919865647,113.3153145289,水系,图书馆,家政服务,出入口,信用社,高等院校,高等院校,投资理财,公检法机构,商铺
84,23.0243839971,113.3697335946,美甲,留学中介机构,出入口,房地产,汽车美容,医疗,宠物服务,汽车美容,风景区,汽车服务
85,23.1748071668,113.3884966932,医疗,公共厕所,生活服务,诊所,新闻出版,展览馆,疾控中心,汽车服务,高速公路入口,电影院
86,23.0484951613,113.3052528634,政治教育机构,房地产,小吃快餐店,小吃快餐店,小学,房地产,酒店,机场入口,汽车配件,中央机构
87,23.1995598433,113.3019700213,洗衣店,生活服务,加油加气站,售票处,医疗,房地产,园区,超市,文化传媒,家电数码
88,23.1956185096,113.3836894238,植物园,美体,水族馆,公检法机构,中餐厅,中学,金融,投资理财,加油加气站,咖啡厅
89,23.1530729361,113.3352654674,酒店,机场出口,购物,厂矿,公司,游乐园,极限运动场所,酒吧,培训机构,疾控中心
90,23.0477051611,113.3565941197,小学,休闲广场,党派团体,美容,停车场出入口,政治教育机构,极限运动场所,报刊亭,农家院,美容
91,23.0318354587,113.3954441002,收费站,充电站,植物园,飞机场,车站出口,咖啡厅,便利店,水族馆,美术馆,汽车服务
92,23.0472167967,113.3773856103,高速公路出口,美食,汽车检测场,海滨浴场,ATM,文物古迹,运动健身,写字楼,车站入口,汽车维修
93,23.0372203156,113.3557156567,水系,山峰,动物园,中央机构,政治教育机构,购物中心,公司企业,汽车租赁,飞机场,典当行
94,23.0343582808,113.3950234655,房产中介机构,剧院,山峰,科研机构,水族馆,汽车服务,美发,咖啡厅,集市,咖啡厅
95,23.0330168757,113.3485028648,海滨浴场,幼儿园,邮局,培训机构,车站入口,培训机构,展览馆,成人教育,外国餐厅,健身中心
96,23.1822168643,113.3687422882,港口,艺术团体,停车场,美食,宠物服务,写字楼,药店,售票处,通讯营业厅,培训机构
97,23.0306324024,113.3960111837,动物园,宠物服务,邮局,幼儿园,茶座,购物,出入口,运动健身,医疗,投资理财
98,23.1838881859,113.3275804023,KTV,高等院校,美食,银行,家居建材,公检法机构,门（备注：建筑物和建筑物群的门）,广播电视,便利店,收费站
99,23.1517945016,113.3809925861,公园,综合医院,报刊亭,涉外机构,中学,艺术团体,物流公司,文化宫,信用社,亲子教育
100,23.1567044040,113.3071280315,休闲广场,集市,福利机构,生活服务,住宅区,植物园,家电数码,酒吧,公检法机构,美发
101,23.1811843885,113.3831458843,集市,植物园,成人教育,汽车销售,综合医院,咖啡厅,门（备注：建筑物和建筑物群的门）,报刊亭,汽车检测场,培训机构
102,23.1678400108,113.3577362877,教堂,岛屿,报刊亭,汽车租赁,公交线路,公寓式酒店,美发,购物中心,银行,剧院
103,23.1621534295,113.3324749996,高等院校,车站出口,休闲广场,休闲广场,歌舞厅,汽车美容,中餐厅,银行,文物古迹,公交线路
104,23.1528559438,113.3333697267,培训机构,咖啡厅,百货商场,中餐厅,健身中心,宿舍,疗养院,综合医院,便利店,海滨浴场
105,23.0075231136,113.3599304971,照相馆,美食,宿舍,生活服务,加油加气站,机场入口,集市,诊所,高速公路入口,百货商场
106,23.1941528864,113.3383516001,亲子教育,报刊亭,政治教育机构,桥,宿舍,停车场出入口,公司企业,房地产,体育场馆,充电站
107,23.1944411917,113.3577886236,公检法机构,茶座,水系,房产中介机构,汽车美容,中餐厅,文物古迹,小吃快餐店,幼儿园,公园
108,23.0498396696,113.3304423678,汽车配件,特殊教育学校,中餐厅,小吃快餐店,茶座,留学中介机构,车站入口,火车站,公园,汽车销售
109,23.1873644397,113.3974759557,KTV,幼儿园,岛屿,信用社,展览馆,KTV,健身中心,典当行,车站出口,图书馆
110,23.1751829662,113.3530084242,茶座,汽车美容,小吃快餐店,中学,港口,药店,机场入口,通讯营业厅,自然地物,停车场出入口
111,23.1864611491,113.3909267160,港口,汽车配件,茶座,医疗,丽人,地铁线路,网吧,文化宫,教堂,通讯营业厅
112,23.1585895426,113.3964793973,旅游景点,百货商场,植物园,小吃快餐店,洗浴按摩,ATM,园区,歌舞厅,公交车站,蛋糕甜品店
113,23.0300740537,113.3230636774,药店,小学,洗衣店,停车场,洗衣店,自然地物,诊所,长途汽车站,动物园,殡葬服务
114,23.0019825306,113.3698588102,金融,家电数码,金融,茶座,体育场馆,博物馆,公用事业,美食,专科医院,超市
115,23.1893571370,113.3276225218,出入口,文化传媒,综合医院,体育场馆,便利店,文化宫,科技馆,图书馆,体检机构,休闲广场
116,23.0114683203,113.3967442419,路侧停车位,机场入口,酒吧,教育培训,咖啡厅,风景区,植物园,丽人,商铺,飞机场
117,23.1807973554,113.3262934117,公司,信用社,住宅区,房地产,汽车美容,特殊教育学校,充电站,水系,旅游景点,小吃快餐店
118,23.0283508415,113.3371296301,外国餐厅,美甲,彩票销售点,党派团体,水族馆,星级酒店,车站入口,茶座,极限运动场所,物流公司
119,23.1880549974,113.3020324053,购物,政府机构,文化宫,艺术团体,停车场,公共厕所,KTV,综合医院,高速公路入口,典当行
120,23.0228351394,113.3762036457,生活服务,特殊教育学校,汽车美容,公检法机构,住宅区,写字楼,星级酒店,机场入口,成人教育,山峰
121,23.0284040539,113.3313993253,集市,邮局,汽车销售,诊所,停车场,典当行,中央机构,公检法机构,药店,展览馆
122,23.1931723413,113.3144245632,门（备注：建筑物和建筑物群的门）,电影院,艺术团体,科技馆,出入口,报刊亭,服务区,动物园,岛屿,便利店
123,23.0210266229,113.3579075179,综合医院,高速公路出口,火车站,丽人,火车站,超市,宿舍,美发,中央机构,汽车租赁
124,23.1615332321,113.3393434463,停车场,诊所,美术馆,报刊亭,高等院校,健身中心,信用社,急救中心,美体,彩票销售点
125,23.0145130532,113.3486249078,医疗,水族馆,写字楼,桥,丽人,亲子教育,专科医院,电影院,海滨浴场,福利机构
126,23.0345578260,113.3589638036,商铺,邮局,集市,商铺,网吧,金融,港口,体育场馆,典当行,邮局
127,23.0091421279,113.3396446166,科技馆,彩票销售点,美甲,KTV,文物古迹,家电数码,停车场,山峰,外国餐厅,运动健身
128,23.0013134761,113.3288673948,房产中介机构,百货商场,亲子教育,专科医院,公寓式酒店,公用事业,美体,剧院,机场出口,厂矿
129,23.1658633267,113.3425473504,农林园艺,疾控中心,宠物服务,丽人,美发,广播电视,通讯营业厅,公交线路,新闻出版,车站出口
130,23.1743042356,113.3109021511,休闲广场,报刊亭,汽车配件,教育培训,美发,地铁站,地铁站,交通设施,收费站,广播电视
131,23.0283757914,113.3536066507,汽车销售,外国餐厅,公司企业,公园,通讯营业厅,生活服务,金融,小吃快餐店,图文快印店,机场入口
132,23.0402093154,113.3599196657,外国餐厅,售票处,投资理财,集市,住宅区,专科医院,特殊教育学校,艺术团体,高速公路入口,行政单位
133,23.1972963267,113.3802420066,收费站,公共厕所,公司,飞机场,歌舞厅,特殊教育学校,图文快印店,外国餐厅,中学,维修点
134,23.1761886529,113.3468660978,汽车租赁,疾控中心,博物馆,美体,农林园艺,售票处,公共厕所,充电站,ATM,美术馆
135,23.1861313742,113.3751037557,海滨浴场,药店,车站入口,房地产,星级酒店,汽车美容,物流公司,港口,休闲娱乐,亲子教育
136,23.0048787586,113.3914716750,广播电视,地铁线路,宿舍,文化宫,小吃快餐店,政治教育机构,汽车租赁,家电数码,海滨浴场,地铁线路
137,23.1576156142,113.3471775704,集市,公司,广播电视,文化传媒,亲子教育,水族馆,写字楼,交通设施,美容,小学
138,23.0066121768,113.3958505265,公司,党派团体,科技馆,公交车站,咖啡厅,成人教育,丽人,公寓式酒店,房产中介机构,小学
139,23.1859524492,113.3014252714,综合医院,水系,文物古迹,药店,厂矿,水族馆,运动健身,厂矿,休闲娱乐,福利机构
140,23.1809290230,113.3415138136,门（备注：建筑物和建筑物群的门）,桥,文物古迹,极限运动场所,综合医院,殡葬服务,金融,药店,银行,茶座
141,23.0155893101,113.3437325878,文化传媒,综合医院,KTV,通讯营业厅,电影院,美甲,地铁站,报刊亭,公司,汽车租赁
142,23.1511092602,113.3366156636,旅游景点,停车场,党派团体,汽车租赁,急救中心,机场出口,体检机构,房产中介机构,家居建材,公司
143,23.1903833748,113.3763134037,小吃快餐店,药店,维修点,房地产,金融,殡葬服务,小吃快餐店,政治教育机构,停车场,综合医院
144,23.0352394780,113.3776927634,高速公路入口,汽车维修,加油加气站,购物中心,家居建材,咖啡厅,动物园,汽车服务,信用社,美体
145,23.0083609693,113.3002239338,文化传媒,度假村,自然地物,信用社,博物馆,度假村,文物古迹,汽车检测场,家政服务,休闲广场
146,23.1652381568,113.3207248799,家电数码,机场入口,体检机构,蛋糕甜品店,教育培训,报刊亭,疾控中心,家政服务,金融,高等院校
147,23.0167465076,113.3362691719,飞机场,美体,电影院,收费站,汽车检测场,酒吧,报刊亭,文化宫,园区,便利店
148,23.0212984974,113.3400349738,汽车配件,文化传媒,洗浴按摩,运动健身,飞机场,车站出口,报刊亭,投资理财,公司,集市
149,23.1995345704,113.3733378791,茶座,汽车维修,汽车美容,出入口,急救中心,特殊教育学校,公园,中学,水族馆,美容
150,23.1633680926,113.3903640147,植物园,公用事业,投资理财,运动健身,休闲娱乐,科技馆,银行,文化传媒,健身中心,投资理财
151,23.0256013249,113.3540812517,园区,厂矿,图书馆,住宅区,中学,公交线路,福利机构,金融,特殊教育学校,公用事业
152,23.1835698608,113.3773969559,公检法机构,公交线路,写字楼,KTV,停车场,房产中介机构,购物中心,教育培训,洗衣店,快捷酒店
153,23.0191991561,113.3118543640,政治教育机构,售票处,园区,自然地物,银行,科技馆,ATM,图书馆,歌舞厅,生活服务
154,23.1738788019,113.3850827949,厂矿,行政单位,公交线路,植物园,水族馆,美食,停车场,美食,洗衣店,金融
155,23.1866510360,113.3799683377,洗衣店,宠物服务,加油加气站,公交线路,便利店,报刊亭,蛋糕甜品店,游戏场所,运动健身,动物园
156,23.0019043232,113.3042830004,文化宫,维修点,长途汽车站,报刊亭,集市,植物园,运动健身,高速公路入口,高速公路入口,典当行
157,23.1831588276,113.3045551210,疗养院,丽人,公交线路,政治教育机构,车站入口,农林园艺,公用事业,特殊教育学校,图文快印店,外国餐厅
158,23.0142880198,113.3565990123,星级酒店,丽人,洗衣店,汽车服务,科技馆,体育场馆,农林园艺,极限运动场所,游戏场所,公司
159,23.0318623424,113.3057256744,停车场,报刊亭,物流公司,岛屿,便利店,农家院,医疗,宠物服务,休闲广场,小吃快餐店
160,23.0420119514,113.3096709594,中央机构,火车站,水族馆,展览馆,收费站,美食,酒吧,党派团体,照相馆,高速公路入口
161,23.0136336772,113.3482062447,科研机构,行政单位,游乐园,诊所,电影院,专科医院,投资理财,运动健身,厂矿,涉外机构
162,23.1648226062,113.3358060671,售票处,博物馆,疗养院,飞机场,图书馆,亲子教育,科技馆,银行,住宅区,售票处
163,23.0305639490,113.3022663337,小吃快餐店,超市,综合医院,汽车租赁,港口,星级酒店,飞机场,歌舞厅,报刊亭,美食
164,23.0030109197,113.3744867143,通讯营业厅,邮局,售票处,典当行,公司,加油加气站,疾控中心,公交线路,诊所,政府机构
165,23.0086972850,113.3985058605,植物园,幼儿园,通讯营业厅,购物,专科医院,银行,ATM,风景区,党派团体,福利机构
166,23.0439488726,113.3211244890,动物园,综合医院,公司,幼儿园,酒吧,KTV,典当行,公检法机构,福利机构,留学中介机构
167,23.0462894690,113.3059479231,茶座,蛋糕甜品店,邮局,成人教育,健身中心,网吧,综合医院,汽车美容,酒吧,交通设施
168,23.1780683039,113.3793679242,公交车站,家电数码,地铁站,政治教育机构,路侧停车位,地铁线路,加油加气站,亲子教育,汽车租赁,维修点
169,23.0327164311,113.3918875051,房地产,路侧停车位,体育场馆,疗养院,便利店,房地产,彩票销售点,游戏场所,山峰,厂矿
170,23.0143777861,113.3823381156,行政单位,银行,极限运动场所,彩票销售点,物流公司,图文快印店,运动健身,快捷酒店,汽车美容,图文快印店
171,23.1601303214,113.3540752986,幼儿园,特殊教育学校,医疗,百货商场,殡葬服务,休闲娱乐,海滨浴场,美容,车站出口,宠物服务
172,23.1691485603,113.3093577453,图书馆,快捷酒店,自然地物,专科医院,休闲广场,美体,专科医院,邮局,医疗,急救中心
173,23.0250586072,113.3510698435,酒吧,金融,宠物服务,港口,水系,体检机构,快捷酒店,加油加气站,旅游景点,涉外机构
174,23.1730606239,113.3990554733,机场入口,运动健身,停车场出入口,福利机构,公寓式酒店,茶座,购物,机场出口,便利店,典当行
175,23.1703642896,113.3949699387,宿舍,投资理财,度假村,科研机构,党派团体,水系,投资理财,展览馆,超市,典当行
176,23.0218853056,113.3871690711,照相馆,酒吧,报刊亭,通讯营业厅,中餐厅,蛋糕甜品店,疗养院,疾控中心,体育场馆,银行
177,23.0493329938,113.3122433491,KTV,长途汽车站,美术馆,公交车站,酒店,彩票销售点,茶座,汽车配件,汽车检测场,便利店
178,23.0036907619,113.3779370513,美食,图文快印店,机场入口,桥,公司,健身中心,房地产,邮局,汽车租赁,游乐园
179,23.0031253124,113.3229965867,公交线路,生活服务,高等院校,出入口,彩票销售点,福利机构,疾控中心,中餐厅,休闲广场,疾控中心
180,23.1715919928,113.3916599804,岛屿,留学中介机构,星级酒店,便利店,农家院,自然地物,小吃快餐店,住宅区,公寓式酒店,动物园
181,23.0304304991,113.3367845707,加油加气站,公检法机构,药店,火车站,专科医院,游戏场所,酒店,各级政府,健身中心,留学中介机构
182,23.1952271689,113.3178290648,党派团体,汽车租赁,成人教育,公园,典当行,涉外机构,科技馆,文化传媒,图书馆,动物园
183,23.1938801817,113.3139377979,政治教育机构,新闻出版,物流公司,机场出口,艺术团体,展览馆,公交车站,公共厕所,休闲娱乐,家居建材
184,23.0164271404,113.3431609746,剧院,公园,网吧,成人教育,美发,门（备注：建筑物和建筑物群的门）,健身中心,诊所,幼儿园,政府机构
185,23.1516285066,113.3953886093,殡葬服务,收费站,购物,维修点,飞机场,美体,园区,高速公路出口,图书馆,长途汽车站
186,23.1549552647,113.3169443357,汽车美容,购物中心,维修点,洗浴按摩,幼儿园,宿舍,汽车维修,路侧停车位,行政单位,金融
187,23.0244777326,113.3611070135,购物,地铁站,报刊亭,剧院,成人教育,出入口,文化传媒,展览馆,展览馆,ATM
188,23.1587297218,113.3622946572,教育培训,维修点,汽车检测场,图书馆,购物中心,银行,集市,通讯营业厅,长途汽车站,亲子教育
189,23.0090259319,113.3375104459,房产中介机构,邮局,政治教育机构,金融,政府机构,百货商场,集市,港口,地铁线路,电影院
190,23.1696007557,113.3412309201,岛屿,中央机构,路侧停车位,公司,通讯营业厅,公共厕所,游乐园,机场入口,汽车维修,小学
191,23.0255361851,113.3375907771,各级政府,停车场,地铁站,投资理财,政府机构,信用社,体检机构,休闲娱乐,医疗,售票处
192,23.1805403510,113.3339284597,收费站,展览馆,福利机构,投资理财,留学中介机构,文化宫,体检机构,服务区,停车场出入口,汽车检测场
193,23.0455742272,113.3840057140,汽车美容,维修点,留学中介机构,公司企业,住宅区,文物古迹,极限运动场所,福利机构,水系,综合医院
194,23.1930120698,113.3980691002,出入口,商铺,歌舞厅,体检机构,星级酒店,门（备注：建筑物和建筑物群的门）,购物,家政服务,收费站,科研机构
195,23.1789342254,113.3350107388,文化宫,汽车销售,游乐园,诊所,通讯营业厅,门（备注：建筑物和建筑物群的门）,火车站,综合医院,售票处,高等院校
196,23.0443238815,113.3329010606,星级酒店,留学中介机构,桥,电影院,汽车维修,美术馆,公交车站,住宅区,极限运动场所,高等院校
197,23.0119699774,113.3058615706,家电数码,汽车服务,典当行,茶座,家电数码,歌舞厅,亲子教育,外国餐厅,快捷酒店,车站出口
198,23.1639270259,113.3844373722,高速公路出口,售票处,网吧,汽车美容,火车站,公寓式酒店,图书馆,机场入口,维修点,汽车销售
199,23.1801714993,113.3541960497,中餐厅,蛋糕甜品店,飞机场,汽车销售,洗浴按摩,公交车站,酒店,运动健身,极限运动场所,投资理财
200,23.0349090445,113.3931631091,医疗,成人教育,快捷酒店,网吧,车站入口,教育培训,洗浴按摩,自然地物,车站出口,充电站
201,23.0266746612,113.3769082854,高速公路出口,售票处,公交线路,各级政府,高等院校,收费站,党派团体,出入口,美容,各级政府
202,23.1823393487,113.3036880583,科研机构,新闻出版,剧院,图书馆,福利机构,售票处,汽车租赁,长途汽车站,水系,KTV
203,23.0453640814,113.3481567773,家居建材,咖啡厅,体检机构,图书馆,疗养院,住宅区,休闲娱乐,留学中介机构,KTV,动物园
204,23.1836607559,113.3269728694,公司,丽人,汽车维修,门（备注：建筑物和建筑物群的门）,行政单位,桥,岛屿,丽人,海滨浴场,艺术团体
205,23.0323272749,113.3134021480,诊所,歌舞厅,美容,长途汽车站,幼儿园,金融,文化传媒,汽车服务,休闲娱乐,商铺
206,23.1979806752,113.3700731575,艺术团体,服务区,美术馆,车站出口,剧院,公交线路,茶座,家居建材,美体,写字楼
207,23.1726406107,113.3427489960,邮局,KTV,教育培训,酒店,星级酒店,汽车美容,急救中心,集市,电影院,美甲
208,23.0409007160,113.3257874305,典当行,维修点,水系,房地产,美容,图文快印店,美容,美术馆,汽车配件,综合医院
209,23.1708153551,113.3383703645,自然地物,住宅区,公用事业,港口,中餐厅,诊所,出入口,公检法机构,植物园,幼儿园
210,23.1894336550,113.3451610677,通讯营业厅,诊所,综合医院,疾控中心,诊所,美发,路侧停车位,专科医院,美甲,快捷酒店
211,23.1927046645,113.3854221186,家居建材,交通设施,汽车美容,剧院,长途汽车站,丽人,生活服务,ATM,旅游景点,游乐园
212,23.1875919162,113.3994901000,银行,游戏场所,外国餐厅,蛋糕甜品店,ATM,金融,中央机构,运动健身,家电数码,剧院
213,23.0242701238,113.3336085204,金融,酒店,长途汽车站,高速公路出口,火车站,美体,高等院校,农家院,公共厕所,金融
214,23.0373917671,113.3752847952,信用社,汽车检测场,厂矿,便利店,酒店,快捷酒店,家电数码,疾控中心,地铁站,路侧停车位
215,23.1683290316,113.3974391545,水族馆,农家院,购物中心,银行,充电站,歌舞厅,中餐厅,广播电视,外国餐厅,运动健身
216,23.0023026974,113.3355946009,购物中心,酒店,特殊教育学校,汽车服务,岛屿,农林园艺,行政单位,机场出口,海滨浴场,岛屿
217,23.1942512921,113.3672212652,投资理财,维修点,门（备注：建筑物和建筑物群的门）,美甲,便利店,海滨浴场,ATM,报刊亭,风景区,健身中心
218,23.0205815252,113.3241622985,博物馆,厂矿,充电站,图文快印店,汽车销售,汽车租赁,机场出口,公交车站,桥,ATM
219,23.0275474785,113.3299604857,路侧停车位,中餐厅,邮局,展览馆,各级政府,公共厕所,维修点,外国餐厅,机场出口,加油加气站
220,23.0244659757,113.3850666971,门（备注：建筑物和建筑物群的门）,小吃快餐店,车站出口,汽车销售,游戏场所,车站出口,机场出口,车站出口,休闲广场,水族馆
221,23.0163872019,113.3095968355,行政单位,交通设施,公司,亲子教育,各级政府,政府机构,美食,房产中介机构,小吃快餐店,疗养院
222,23.1878626270,113.3198295613,歌舞厅,文物古迹,售票处,图书馆,邮局,园区,公用事业,美体,海滨浴场,福利机构
223,23.0403096736,113.3493817824,彩票销售点,殡葬服务,极限运动场所,中央机构,艺术团体,图文快印店,ATM,农林园艺,厂矿,科研机构
224,23.1799492423,113.3064038843,体育场馆,留学中介机构,公交车站,体检机构,专科医院,超市,岛屿,咖啡厅,美容,新闻出版
225,23.0327359223,113.3757060403,高等院校,水系,宠物服务,投资理财,汽车租赁,外国餐厅,港口,充电站,体检机构,购物
226,23.1850217199,113.3600270422,休闲娱乐,门（备注：建筑物和建筑物群的门）,房地产,旅游景点,充电站,丽人,公交车站,出入口,金融,家电数码
227,23.1733648488,113.3023167188,美容,旅游景点,购物,银行,公寓式酒店,公司企业,银行,游乐园,农林园艺,地铁线路
228,23.1599509948,113.3246137461,便利店,加油加气站,亲子教育,高速公路出口,集市,风景区,地铁线路,公检法机构,岛屿,美容
229,23.1691329000,113.3566163299,公寓式酒店,专科医院,教堂,园区,公园,自然地物,商铺,健身中心,写字楼,急救中心
230,23.0397754037,113.3451801177,车站入口,汽车配件,中央机构,地铁线路,文物古迹,小吃快餐店,生活服务,地铁站,典当行,休闲娱乐
231,23.1831398547,113.3356150535,图文快印店,植物园,停车场,电影院,ATM,政府机构,文物古迹,地铁线路,剧院,公园
232,23.1692392085,113.3867316407,体育场馆,诊所,各级政府,车站入口,中学,植物园,写字楼,自然地物,教育培训,酒店
233,23.1897908203,113.3281115834,星级酒店,金融,商铺,图文快印店,公检法机构,综合医院,门（备注：建筑物和建筑物群的门）,机场出口,博物馆,房产中介机构
234,23.0334980700,113.3331141380,美体,培训机构,疾控中心,涉外机构,汽车服务,诊所,机场出口,停车场,超市,电影院
235,23.0313772330,113.3718067755,海滨浴场,购物中心,美容,购物,车站出口,ATM,汽车检测场,科研机构,特殊教育学校,政府机构
236,23.1847474723,113.3205182939,中央机构,飞机场,亲子教育,公检法机构,文物古迹,动物园,外国餐厅,高等院校,公交车站,综合医院
237,23.0264172897,113.3493082338,商铺,网吧,山峰,教育培训,汽车销售,广播电视,政治教育机构,典当行,公检法机构,植物园
238,23.0131902340,113.3346447380,汽车服务,照相馆,幼儿园,公交线路,小吃快餐店,快捷酒店,房地产,便利店,飞机场,疗养院
239,23.0332989083,113.3653628664,公司企业,成人教育,幼儿园,休闲娱乐,中餐厅,宠物服务,文化宫,政府机构,公园,邮局
240,23.1905444033,113.3279779734,高速公路入口,急救中心,体检机构,海滨浴场,亲子教育,药店,停车场出入口,桥,体育场馆,便利店
241,23.0041159580,113.3891583507,维修点,门（备注：建筑物和建筑物群的门）,银行,照相馆,政治教育机构,投资理财,文物古迹,高速公路出口,中餐厅,外国餐厅
242,23.0222029633,113.3941840136,休闲广场,ATM,典当行,小学,旅游景点,外国餐厅,厂矿,美发,小学,岛屿
243,23.1730611554,113.3901633621,美食,诊所,丽人,房地产,公司,火车站,诊所,停车场出入口,购物中心,火车站
244,23.1801919995,113.3703378202,超市,停车场,疾控中心,外国餐厅,车站出口,急救中心,收费站,房地产,涉外机构,文物古迹
245,23.0113367180,113.3437303198,公司企业,港口,旅游景点,美甲,极限运动场所,休闲娱乐,展览馆,歌舞厅,电影院,宠物服务
246,23.1532340358,113.3245031846,房产中介机构,金融,极限运动场所,山峰,售票处,综合医院,科研机构,桥,桥,自然地物
247,23.0462664379,113.3335633006,写字楼,小吃快餐店,厂矿,各级政府,留学中介机构,星级酒店,购物中心,福利机构,公共厕所,写字楼
248,23.0425085156,113.3261290037,动物园,公司,火车站,车站入口,机场出口,动物园,港口,KTV,文化传媒,交通设施
249,23.1861406043,113.3321577171,丽人,海滨浴场,高等院校,剧院,医疗,家电数码,园区,信用社,地铁线路,水系
250,23.1521114510,113.3897923806,邮局,文化宫,星级酒店,洗浴按摩,度假村,中央机构,长途汽车站,公检法机构,集市,药店
251,23.0142977654,113.3974471935,美食,地铁线路,机场出口,网吧,休闲广场,自然地物,休闲娱乐,房产中介机构,综合医院,汽车销售
252,23.1717515134,113.3290103070,农林园艺,汽车配件,集市,公交线路,长途汽车站,党派团体,家政服务,涉外机构,博物馆,教堂
253,23.0160450158,113.3841470504,急救中心,留学中介机构,便利店,地铁站,农家院,路侧停车位,宠物服务,游戏场所,星级酒店,文物古迹
254,23.0258799238,113.3561581844,殡葬服务,药店,机场入口,美食,汽车配件,车站入口,综合医院,网吧,广播电视,火车站
255,23.1802411825,113.3316626693,便利店,培训机构,文物古迹,购物,车站入口,动物园,高等院校,报刊亭,信用社,政治教育机构
256,23.1682367024,113.3169747599,各级政府,文物古迹,动物园,园区,公检法机构,桥,路侧停车位,极限运动场所,家政服务,博物馆
257,23.1737148689,113.3569349354,运动健身,生活服务,公共厕所,家电数码,地铁站,KTV,报刊亭,洗衣店,桥,公检法机构
258,23.0337059736,113.3536995207,岛屿,停车场出入口,银行,政府机构,疗养院,茶座,蛋糕甜品店,快捷酒店,洗衣店,文化传媒
259,23.0211620236,113.3502238613,生活服务,飞机场,风景区,洗衣店,茶座,文物古迹,洗浴按摩,照相馆,停车场,极限运动场所
260,23.0204081906,113.3495799597,综合医院,文化传媒,飞机场,山峰,汽车服务,美发,机场入口,便利店,美术馆,路侧停车位
261,23.0357653512,113.3445853764,出入口,小吃快餐店,投资理财,政治教育机构,山峰,停车场出入口,公交线路,各级政府,剧院,殡葬服务
262,23.1641172580,113.3193025560,汽车配件,游戏场所,亲子教育,洗浴按摩,百货商场,休闲广场,家政服务,博物馆,投资理财,各级政府
263,23.0365005275,113.3056752226,照相馆,集市,动物园,专科医院,政府机构,广播电视,咖啡厅,科技馆,宠物服务,体育场馆
264,23.1843757843,113.3748427014,文化传媒,科技馆,小吃快餐店,洗衣店,中央机构,超市,运动健身,政府机构,小学,教育培训
265,23.1569418386,113.3675177502,行政单位,ATM,教育培训,极限运动场所,洗浴按摩,岛屿,留学中介机构,教育培训,汽车美容,汽车销售
266,23.0270917302,113.3142952168,自然地物,飞机场,中央机构,特殊教育学校,健身中心,汽车维修,科研机构,停车场,厂矿,宿舍
267,23.1973525084,113.3220063505,中学,桥,疗养院,生活服务,外国餐厅,专科医院,展览馆,厂矿,电影院,购物
268,23.0019349536,113.3524385311,药店,公交线路,中餐厅,家政服务,维修点,收费站,山峰,医疗,留学中介机构,美容
269,23.1969426773,113.3551561386,ATM,行政单位,文化宫,彩票销售点,购物,公司,旅游景点,地铁站,房地产,公交车站
270,23.0145123134,113.3361019410,美容,网吧,文化宫,购物,信用社,体育场馆,桥,水族馆,海滨浴场,信用社
271,23.0064006105,113.3115084623,汽车美容,邮局,教堂,幼儿园,停车场,行政单位,购物,旅游景点,政治教育机构,岛屿
272,23.0230850773,113.3648468643,文化传媒,园区,休闲广场,行政单位,加油加气站,邮局,信用社,小学,政府机构,科研机构
273,23.0221503630,113.3595906151,成人教育,涉外机构,政治教育机构,房地产,健身中心,服务区,山峰,洗衣店,售票处,成人教育
274,23.0075026427,113.3680393103,报刊亭,美发,美甲,极限运动场所,图文快印店,地铁线路,宠物服务,博物馆,收费站,快捷酒店
275,23.0032618558,113.3259631611,家政服务,中餐厅,休闲娱乐,百货商场,彩票销售点,海滨浴场,剧院,飞机场,中学,网吧
276,23.0240616177,113.3730822826,运动健身,便利店,照相馆,房地产,网吧,彩票销售点,汽车维修,茶座,旅游景点,汽车租赁
277,23.0295368417,113.3631411125,售票处,汽车配件,长途汽车站,火车站,植物园,公检法机构,停车场,维修点,星级酒店,酒店
278,23.0341595692,113.3363931694,急救中心,科研机构,长途汽车站,汽车租赁,物流公司,彩票销售点,汽车租赁,福利机构,教育培训,机场入口
279,23.1750170721,113.3175540809,亲子教育,公司,门（备注：建筑物和建筑物群的门）,金融,体检机构,中学,宿舍,体育场馆,购物,茶座
280,23.0368978322,113.3986526335,维修点,公用事业,疾控中心,门（备注：建筑物和建筑物群的门）,各级政府,长途汽车站,写字楼,小吃快餐店,港口,物流公司
281,23.1650084629,113.3677145328,歌舞厅,宠物服务,家居建材,酒吧,酒店,茶座,极限运动场所,游戏场所,公交线路,典当行
282,23.0061979794,113.3689178694,政府机构,医疗,汽车服务,火车站,充电站,火车站,维修点,体检机构,休闲广场,金融
283,23.1566878147,113.3098920703,文化传媒,家居建材,游戏场所,行政单位,生活服务,充电站,美甲,酒吧,文化宫,教育培训
284,23.0315316448,113.3383845677,展览馆,交通设施,汽车服务,蛋糕甜品店,动物园,游乐园,科研机构,星级酒店,疾控中心,车站出口
285,23.0334562892,113.3788456573,园区,汽车租赁,歌舞厅,幼儿园,美体,购物,各级政府,公园,游戏场所,教育培训
286,23.1880236323,113.3738982508,幼儿园,信用社,园区,高速公路入口,收费站,车站出口,海滨浴场,特殊教育学校,售票处,长途汽车站
287,23.0314264414,113.3045445297,丽人,酒吧,门（备注：建筑物和建筑物群的门）,房地产,银行,公园,科技馆,疗养院,汽车配件,厂矿
288,23.0164733178,113.3437571327,写字楼,党派团体,公交车站,宿舍,停车场,写字楼,洗衣店,小吃快餐店,物流公司,飞机场
289,23.0227773427,113.3223125443,地铁线路,休闲广场,度假村,歌舞厅,展览馆,公共厕所,疾控中心,旅游景点,植物园,彩票销售点
290,23.1767495702,113.3839149971,出入口,山峰,生活服务,维修点,购物,水系,照相馆,留学中介机构,飞机场,信用社
291,23.1651849338,113.3734595075,体育场馆,水系,农林园艺,港口,美容,电影院,车站入口,汽车维修,收费站,中央机构
292,23.0490495327,113.3213840406,公用事业,购物,车站出口,高等院校,歌舞厅,农家院,机场入口,汽车配件,艺术团体,植物园
293,23.1891324089,113.3562170141,茶座,美术馆,医疗,旅游景点,综合医院,极限运动场所,公检法机构,ATM,美食,公检法机构
294,23.1966717777,113.3334539870,公司,维修点,各级政府,文化宫,公司企业,植物园,培训机构,海滨浴场,便利店,宠物服务
295,23.0356281145,113.3126752165,留学中介机构,水族馆,彩票销售点,地铁站,飞机场,园区,厂矿,小学,农林园艺,教堂
296,23.1712395164,113.3362852500,彩票销售点,幼儿园,咖啡厅,火车站,动物园,疗养院,汽车检测场,中学,体育场馆,药店
297,23.1757060632,113.3664208229,银行,家电数码,高速公路入口,公交线路,公寓式酒店,歌舞厅,咖啡厅,照相馆,汽车美容,体育场馆
298,23.0367196770,113.3645002551,展览馆,休闲娱乐,小吃快餐店,水族馆,高等院校,火车站,星级酒店,农林园艺,星级酒店,诊所
299,23.0400568669,113.3577055585,充电站,体育场馆,展览馆,信用社,ATM,洗浴按摩,彩票销售点,涉外机构,文化宫,美食
300,23.0121188323,113.3245884843,度假村,园区,图文快印店,ATM,购物中心,美容,中餐厅,机场入口,网吧,政府机构
301,23.1622344979,113.3582282114,新闻出版,公司,长途汽车站,家电数码,行政单位,金融,ATM,通讯营业厅,留学中介机构,公司企业
302,23.1843971218,113.3792572116,教育培训,服务区,宿舍,殡葬服务,中学,网吧,生活服务,酒店,汽车美容,风景区
303,23.1921069899,113.3859923143,加油加气站,度假村,中餐厅,留学中介机构,综合医院,快捷酒店,高等院校,机场出口,丽人,车站入口
304,23.0229264564,113.3473012859,房产中介机构,丽人,留学中介机构,银行,休闲广场,高等院校,科技馆,公司,房地产,成人教育
305,23.1675668093,113.3822053852,长途汽车站,机场出口,ATM,飞机场,集市,体育场馆,幼儿园,教堂,各级政府,园区
306,23.0347294678,113.3841317173,生活服务,物流公司,厂矿,网吧,长途汽车站,小学,疾控中心,小吃快餐店,洗衣店,茶座
307,23.0419893151,113.3568145980,运动健身,农家院,汽车维修,高速公路出口,文物古迹,宿舍,广播电视,公检法机构,洗衣店,彩票销售点
308,23.0357707817,113.3417942759,加油加气站,通讯营业厅,政治教育机构,亲子教育,小吃快餐店,火车站,火车站,动物园,专科医院,超市
309,23.1525253513,113.3570276030,各级政府,中学,车站出口,家居建材,药店,汽车维修,教堂,疾控中心,小学,教堂
310,23.1777324084,113.3941256555,党派团体,疾控中心,汽车销售,超市,汽车维修,行政单位,邮局,成人教育,地铁线路,快捷酒店
311,23.1800367073,113.3640462132,出入口,政治教育机构,福利机构,广播电视,亲子教育,图书馆,公寓式酒店,汽车销售,公交车站,农林园艺
312,23.1619901537,113.3526362103,售票处,各级政府,停车场,休闲娱乐,图书馆,公司,宿舍,广播电视,公检法机构,艺术团体
313,23.1953307913,113.3772444596,图书馆,山峰,路侧停车位,外国餐厅,路侧停车位,百货商场,政治教育机构,疾控中心,风景区,商铺
314,23.1929181219,113.3917746398,文物古迹,快捷酒店,收费站,汽车销售,公用事业,游戏场所,报刊亭,运动健身,停车场,典当行
315,23.0083235775,113.3021515432,各级政府,培训机构,家居建材,美容,图书馆,中餐厅,火车站,生活服务,幼儿园,美术馆
316,23.1711835702,113.3484214619,汽车美容,美食,物流公司,集市,彩票销售点,商铺,培训机构,星级酒店,ATM,典当行
317,23.0368574805,113.3188540287,机场入口,急救中心,洗浴按摩,游戏场所,路侧停车位,文化宫,通讯营业厅,生活服务,宠物服务,洗浴按摩
318,23.0043544385,113.3597744373,洗衣店,投资理财,汽车检测场,殡葬服务,报刊亭,公园,蛋糕甜品店,公用事业,信用社,汽车检测场
319,23.1901235240,113.3708105810,宿舍,高速公路出口,充电站,殡葬服务,厂矿,图书馆,洗衣店,家居建材,服务区,车站出口
320,23.0169271885,113.3562305750,成人教育,照相馆,小吃快餐店,咖啡厅,健身中心,美容,星级酒店,机场出口,美体,度假村
321,23.0179847796,113.3805764446,路侧停车位,门（备注：建筑物和建筑物群的门）,充电站,科技馆,收费站,美发,便利店,汽车美容,中央机构,极限运动场所
322,23.1747925685,113.3314357777,教堂,停车场出入口,动物园,特殊教育学校,停车场出入口,车站出口,车站入口,购物,外国餐厅,艺术团体
323,23.0119707443,113.3685637371,公司,加油加气站,科技馆,药店,新闻出版,汽车维修,自然地物,出入口,出入口,留学中介机构
324,23.0001922238,113.3703644767,购物,地铁线路,科研机构,游戏场所,快捷酒店,小学,汽车检测场,公共厕所,科研机构,幼儿园
325,23.1563099535,113.3237175967,风景区,综合医院,美甲,宿舍,家政服务,行政单位,集市,公用事业,KTV,诊所
326,23.0423791058,113.3281081691,典当行,疾控中心,停车场出入口,博物馆,疾控中心,酒吧,自然地物,地铁线路,门（备注：建筑物和建筑物群的门）,动物园
327,23.0180908129,113.3508670572,服务区,汽车租赁,桥,车站出口,政府机构,中央机构,运动健身,教育培训,美发,宠物服务
328,23.1864799118,113.3169930252,风景区,文化传媒,体育场馆,投资理财,殡葬服务,充电站,广播电视,家居建材,车站出口,蛋糕甜品店
329,23.0344882568,113.3985135130,报刊亭,展览馆,物流公司,急救中心,快捷酒店,公司企业,宠物服务,门（备注：建筑物和建筑物群的门）,药店,星级酒店
330,23.0284678362,113.3777132958,KTV,教堂,家政服务,文物古迹,金融,KTV,高速公路出口,丽人,物流公司,文物古迹
331,23.0019664995,113.3529484477,汽车检测场,电影院,加油加气站,特殊教育学校,门（备注：建筑物和建筑物群的门）,专科医院,彩票销售点,福利机构,酒店,KTV
332,23.0176891213,113.3813584648,停车场出入口,植物园,长途汽车站,公寓式酒店,疾控中心,咖啡厅,公交线路,房产中介机构,文化传媒,小学
333,23.1974658570,113.3698461001,水族馆,厂矿,公用事业,汽车美容,投资理财,休闲广场,咖啡厅,专科医院,交通设施,展览馆
334,23.1700470672,113.3335287051,健身中心,培训机构,成人教育,公司企业,厂矿,加油加气站,疾控中心,酒店,水族馆,加油加气站
335,23.1648041826,113.3028555715,水系,美术馆,购物,房地产,风景区,亲子教育,宿舍,中学,汽车维修,汽车租赁
336,23.1847322659,113.3291744455,高等院校,汽车服务,百货商场,购物,科技馆,动物园,门（备注：建筑物和建筑物群的门）,运动健身,岛屿,机场入口
337,23.1808711892,113.3802208352,长途汽车站,图书馆,成人教育,休闲娱乐,加油加气站,车站出口,车站出口,桥,综合医院,ATM
338,23.1552980335,113.3373623277,房地产,公园,停车场,地铁站,公用事业,公共厕所,维修点,房产中介机构,外国餐厅,植物园
339,23.1756665598,113.3750860000,投资理财,公检法机构,投资理财,水族馆,地铁站,银行,综合医院,维修点,门（备注：建筑物和建筑物群的门）,农林园艺
340,23.1519151311,113.3788612400,集市,购物中心,图文快印店,火车站,博物馆,快捷酒店,售票处,汽车检测场,游戏场所,厂矿
341,23.0178303929,113.3128970519,机场出口,桥,茶座,路侧停车位,金融,综合医院,诊所,集市,新闻出版,桥
342,23.1658000432,113.3962585078,艺术团体,停车场,殡葬服务,停车场,游戏场所,岛屿,投资理财,山峰,汽车维修,KTV
343,23.1930372180,113.3601902831,展览馆,运动健身,培训机构,汽车服务,自然地物,美发,各级政府,地铁线路,长途汽车站,特殊教育学校
344,23.0490962361,113.3062577328,殡葬服务,出入口,新闻出版,公交线路,邮局,游乐园,医疗,电影院,美食,图文快印店
345,23.1964724403,113.3430614330,博物馆,公用事业,党派团体,科研机构,游乐园,茶座,度假村,汽车美容,党派团体,山峰
346,23.1538979673,113.3668761550,酒吧,公检法机构,机场入口,岛屿,游乐园,美体,休闲娱乐,生活服务,加油加气站,长途汽车站
347,23.0325827304,113.3507385331,蛋糕甜品店,政治教育机构,风景区,投资理财,地铁线路,专科医院,公司企业,动物园,快捷酒店,购物中心
348,23.1726413702,113.3884508763,综合医院,诊所,公园,加油加气站,汽车检测场,高速公路入口,停车场,酒店,家电数码,电影院
349,23.1653895906,113.3899353445,幼儿园,宠物服务,星级酒店,厂矿,园区,网吧,停车场出入口,福利机构,博物馆,写字楼
350,23.0087477251,113.3666796276,各级政府,车站出口,休闲广场,小吃快餐店,购物中心,通讯营业厅,服务区,艺术团体,自然地物,游乐园
351,23.1908778685,113.3690411574,维修点,特殊教育学校,咖啡厅,地铁站,艺术团体,幼儿园,休闲娱乐,咖啡厅,网吧,酒店
352,23.1611889186,113.3183631857,港口,房产中介机构,火车站,购物中心,地铁线路,小吃快餐店,写字楼,售票处,公寓式酒店,银行
353,23.0093187910,113.3077066418,酒店,宠物服务,投资理财,公共厕所,服务区,广播电视,风景区,美术馆,投资理财,地铁线路
354,23.1895553544,113.3560830019,家电数码,家居建材,超市,小吃快餐店,美发,星级酒店,报刊亭,信用社,高速公路入口,政府机构
355,23.1598595971,113.3870143775,政府机构,疗养院,公交线路,停车场,停车场出入口,购物中心,广播电视,留学中介机构,银行,桥
356,23.0372415987,113.3467389134,亲子教育,疾控中心,运动健身,收费站,歌舞厅,购物,教育培训,游乐园,美体,购物中心
357,23.0423096472,113.3781765376,美发,疗养院,图文快印店,集市,车站入口,汽车销售,集市,中央机构,植物园,路侧停车位
358,23.0295253270,113.3606883208,信用社,典当行,维修点,外国餐厅,售票处,酒店,山峰,星级酒店,汽车美容,外国餐厅
359,23.1917754293,113.3135811420,植物园,电影院,党派团体,专科医院,飞机场,洗浴按摩,洗衣店,教堂,休闲广场,商铺
360,23.0306002356,113.3331695371,停车场,邮局,专科医院,收费站,茶座,宿舍,体检机构,科研机构,公司企业,房地产
361,23.1906445968,113.3930122177,小吃快餐店,汽车检测场,物流公司,岛屿,图书馆,汽车服务,星级酒店,桥,各级政府,公寓式酒店
362,23.0390336999,113.3277584695,小吃快餐店,公共厕所,汽车配件,成人教育,信用社,地铁线路,门（备注：建筑物和建筑物群的门）,门（备注：建筑物和建筑物群的门）,公交线路,政府机构
363,23.1993918232,113.3499980616,网吧,酒店,长途汽车站,房地产,岛屿,山峰,百货商场,地铁站,岛屿,诊所
364,23.0246552227,113.3127991796,疾控中心,ATM,房地产,展览馆,汽车美容,岛屿,售票处,政府机构,机场出口,物流公司
365,23.1627768980,113.3384957652,广播电视,加油加气站,星级酒店,极限运动场所,彩票销售点,典当行,收费站,购物,剧院,电影院
366,23.1615417592,113.3360652921,运动健身,维修点,美食,医疗,美甲,集市,美容,健身中心,高速公路入口,写字楼
367,23.0012281719,113.3384990010,科研机构,体检机构,动物园,车站入口,汽车检测场,极限运动场所,运动健身,茶座,岛屿,邮局
368,23.1915512447,113.3103505837,彩票销售点,体育场馆,金融,艺术团体,汽车配件,宿舍,健身中心,汽车租赁,百货商场,风景区
369,23.0285520696,113.3206600607,度假村,购物中心,家电数码,水族馆,汽车销售,游戏场所,特殊教育学校,留学中介机构,健身中心,机场入口
370,23.1607657611,113.3032535795,洗衣店,休闲广场,植物园,宿舍,飞机场,美体,美食,剧院,酒店,体育场馆
371,23.0465820968,113.3546459415,政府机构,专科医院,文化宫,极限运动场所,公检法机构,蛋糕甜品店,歌舞厅,水系,写字楼,广播电视
372,23.0072409448,113.3581122661,交通设施,殡葬服务,农林园艺,农家院,科研机构,留学中介机构,教堂,商铺,农家院,百货商场
373,23.1549784005,113.3937022773,投资理财,高等院校,停车场出入口,公司,剧院,药店,美容,集市,留学中介机构,洗衣店
374,23.0426184079,113.3598615545,健身中心,公园,自然地物,新闻出版,飞机场,桥,停车场出入口,地铁站,自然地物,培训机构
375,23.1801115880,113.3187777461,信用社,住宅区,药店,小吃快餐店,综合医院,教育培训,停车场,体检机构,水系,公共厕所
376,23.1624431021,113.3995274743,海滨浴场,文物古迹,博物馆,剧院,水族馆,报刊亭,留学中介机构,小吃快餐店,党派团体,旅游景点
377,23.1708121689,113.3795655615,购物,集市,政府机构,水族馆,山峰,机场入口,汽车维修,度假村,地铁站,金融
378,23.0404376644,113.3841384638,银行,岛屿,维修点,交通设施,照相馆,汽车美容,地铁线路,水族馆,汽车租赁,各级政府
379,23.0307396818,113.3269474546,展览馆,旅游景点,歌舞厅,高等院校,车站入口,图书馆,厂矿,交通设施,美甲,展览馆
380,23.0105210148,113.3850255946,植物园,物流公司,宿舍,宿舍,汽车美容,游戏场所,公司,加油加气站,亲子教育,港口
381,23.1572231575,113.3915795960,小吃快餐店,地铁线路,艺术团体,外国餐厅,汽车配件,停车场,汽车租赁,咖啡厅,科研机构,停车场出入口
382,23.0170185679,113.3167999261,政治教育机构,车站出口,美术馆,党派团体,车站出口,购物中心,艺术团体,美甲,收费站,商铺
383,23.0346472620,113.3267387111,星级酒店,图文快印店,服务区,家电数码,健身中心,汽车配件,酒店,疗养院,KTV,飞机场
384,23.0182966288,113.3917365878,咖啡厅,宿舍,充电站,车站出口,植物园,信用社,酒吧,成人教育,自然地物,药店
385,23.1868061445,113.3000505757,住宅区,车站出口,停车场,博物馆,科技馆,小吃快餐店,出入口,机场入口,自然地物,美食
386,23.1619636322,113.3998616481,中餐厅,小吃快餐店,集市,剧院,科技馆,电影院,服务区,公寓式酒店,健身中心,长途汽车站
387,23.0271196097,113.3883519972,快捷酒店,公司企业,亲子教育,洗浴按摩,公寓式酒店,园区,海滨浴场,厂矿,丽人,自然地物
388,23.0108161255,113.3237291371,家政服务,报刊亭,车站出口,电影院,物流公司,博物馆,金融,彩票销售点,维修点,酒店
389,23.1582039490,113.3026913084,车站出口,投资理财,美食,水系,海滨浴场,高速公路出口,金融,机场出口,文化宫,剧院
390,23.1878674793,113.3086921309,家居建材,售票处,公用事业,教堂,汽车维修,飞机场,高速公路出口,公共厕所,博物馆,港口
391,23.1630123694,113.3463512365,咖啡厅,健身中心,银行,幼儿园,车站入口,疾控中心,亲子教育,园区,公共厕所,照相馆
392,23.0260825142,113.3744130696,房地产,公交车站,教堂,厂矿,文化传媒,图书馆,山峰,长途汽车站,文化宫,宿舍
393,23.1986076813,113.3877820170,风景区,专科医院,公司企业,特殊教育学校,超市,茶座,培训机构,剧院,桥,公寓式酒店
394,23.1538513371,113.3714249939,培训机构,家政服务,公司企业,机场入口,地铁站,新闻出版,门（备注：建筑物和建筑物群的门）,丽人,超市,亲子教育
395,23.1506024827,113.3124614373,丽人,信用社,邮局,体育场馆,美术馆,公检法机构,车站入口,公用事业,彩票销售点,网吧
396,23.0207709191,113.3577467417,彩票销售点,停车场出入口,水族馆,美术馆,殡葬服务,特殊教育学校,极限运动场所,宠物服务,充电站,歌舞厅
397,23.0313998083,113.3029524703,生活服务,文物古迹,路侧停车位,游戏场所,综合医院,高速公路入口,邮局,报刊亭,新闻出版,疗养院
398,23.1699629971,113.3948715518,邮局,车站入口,培训机构,展览馆,风景区,交通设施,小吃快餐店,机场出口,海滨浴场,文化宫
399,23.0085897993,113.3848079938,美甲,园区,专科医院,公司,公园,殡葬服务,港口,游戏场所,邮局,KTV
400,23.1929421409,113.3398899610,房地产,教育培训,售票处,车站出口,水族馆,桥,KTV,福利机构,出入口,政府机构
401,23.0312056785,113.3674760936,火车站,典当行,政府机构,机场出口,维修点,旅游景点,汽车美容,福利机构,公用事业,ATM
402,23.1609578914,113.3410742475,亲子教育,医疗,宿舍,路侧停车位,健身中心,长途汽车站,购物,酒吧,公用事业,交通设施
403,23.1810149103,113.3039882398,健身中心,汽车租赁,公寓式酒店,公寓式酒店,加油加气站,宿舍,典当行,博物馆,公寓式酒店,教堂
404,23.0127701324,113.3279430943,高等院校,广播电视,中餐厅,植物园,美容,汽车美容,彩票销售点,酒店,游戏场所,公共厕所
405,23.0136191044,113.3909666473,公司,蛋糕甜品店,游乐园,房地产,科技馆,福利机构,长途汽车站,家居建材,公司企业,运动健身
406,23.1929768887,113.3236415871,福利机构,火车站,党派团体,银行,机场出口,网吧,洗浴按摩,留学中介机构,博物馆,百货商场
407,23.1698588954,113.3313659270,文化传媒,教育培训,彩票销售点,艺术团体,家居建材,公共厕所,剧院,公用事业,体育场馆,公园
408,23.1772990332,113.3974129853,出入口,飞机场,文化宫,地铁站,科技馆,金融,美甲,特殊教育学校,医疗,充电站
409,23.0318676550,113.3863681433,售票处,小吃快餐店,商铺,桥,服务区,幼儿园,博物馆,科研机构,报刊亭,图文快印店
410,23.1916364473,113.3180052043,汽车服务,电影院,彩票销售点,机场入口,美食,酒店,科研机构,专科医院,港口,房地产
411,23.1700905676,113.3499792158,农林园艺,飞机场,各级政府,歌舞厅,维修点,游戏场所,投资理财,信用社,行政单位,出入口
412,23.0302453531,113.3650462999,厂矿,极限运动场所,体育场馆,售票处,购物,门（备注：建筑物和建筑物群的门）,公园,房产中介机构,厂矿,游戏场所
413,23.1776832637,113.3901285711,公园,咖啡厅,艺术团体,海滨浴场,港口,住宅区,公司企业,中央机构,商铺,美食
414,23.0050467482,113.3047396424,写字楼,文物古迹,家居建材,各级政府,图书馆,成人教育,岛屿,充电站,新闻出版,展览馆
415,23.0169268417,113.3134528152,银行,岛屿,综合医院,银行,风景区,亲子教育,艺术团体,水系,商铺,园区
416,23.0128609429,113.3386709325,邮局,公司,公园,医疗,旅游景点,文化宫,路侧停车位,文化宫,写字楼,公交线路
417,23.0086437796,113.3274481152,加油加气站,汽车销售,便利店,旅游景点,汽车配件,公司,公司,游戏场所,路侧停车位,宿舍
418,23.1902734278,113.3900855319,体检机构,洗浴按摩,殡葬服务,外国餐厅,地铁线路,信用社,机场入口,交通设施,家电数码,公寓式酒店
419,23.1800718859,113.3933049106,电影院,度假村,园区,地铁线路,百货商场,艺术团体,新闻出版,商铺,便利店,汽车配件
420,23.0368724088,113.3006860898,疗养院,住宅区,火车站,留学中介机构,星级酒店,文化传媒,出入口,各级政府,汽车美容,ATM
421,23.0492511063,113.3854924343,综合医院,文物古迹,车站出口,汽车维修,金融,长途汽车站,美甲,剧院,图书馆,房地产
422,23.0267585427,113.3728167451,投资理财,党派团体,厂矿,洗浴按摩,机场入口,商铺,报刊亭,政治教育机构,政府机构,医疗
423,23.1647006418,113.3000394725,邮局,新闻出版,港口,体育场馆,公司,汽车服务,咖啡厅,极限运动场所,报刊亭,农林园艺
424,23.1955125310,113.3068416854,生活服务,度假村,星级酒店,收费站,火车站,酒店,岛屿,游戏场所,维修点,公共厕所
425,23.0380115173,113.3824616692,宿舍,山峰,博物馆,新闻出版,桥,交通设施,急救中心,汽车维修,展览馆,酒吧
426,23.1852163856,113.3515921797,留学中介机构,KTV,海滨浴场,公司企业,物流公司,博物馆,宠物服务,路侧停车位,汽车租赁,房产中介机构
427,23.0039523567,113.3784146083,公寓式酒店,机场出口,度假村,山峰,汽车服务,公寓式酒店,广播电视,政府机构,植物园,体检机构
428,23.1536593800,113.3069476595,酒吧,充电站,高速公路出口,药店,商铺,旅游景点,各级政府,酒吧,水系,典当行
429,23.0177838141,113.3454057898,汽车服务,加油加气站,超市,服务区,游乐园,展览馆,公园,海滨浴场,地铁线路,山峰
430,23.0055197821,113.3919327800,极限运动场所,各级政府,游戏场所,急救中心,急救中心,通讯营业厅,药店,汽车服务,公园,园区
431,23.1526997529,113.3022775558,停车场出入口,公园,信用社,汽车配件,疾控中心,咖啡厅,园区,美术馆,快捷酒店,歌舞厅
432,23.1830987059,113.3191538630,电影院,洗衣店,加油加气站,汽车配件,药店,殡葬服务,收费站,新闻出版,园区,美术馆
433,23.1916609132,113.3346768911,汽车美容,水系,飞机场,党派团体,休闲广场,休闲娱乐,收费站,宿舍,美食,购物中心
434,23.1620924889,113.3969644361,科技馆,通讯营业厅,长途汽车站,门（备注：建筑物和建筑物群的门）,教堂,美容,农林园艺,公用事业,公园,教堂
435,23.0173594628,113.3193569547,邮局,福利机构,售票处,中餐厅,售票处,展览馆,充电站,公司,家电数码,宿舍
436,23.0339252433,113.3144411175,各级政府,邮局,外国餐厅,幼儿园,网吧,文化宫,茶座,剧院,展览馆,照相馆
437,23.1916505203,113.3779090944,宠物服务,汽车维修,专科医院,培训机构,美甲,桥,飞机场,美体,小吃快餐店,公用事业
438,23.0203233141,113.3510673597,综合医院,风景区,超市,高速公路入口,机场出口,园区,海滨浴场,出入口,中央机构,植物园
439,23.1815093327,113.3214030169,公交车站,家居建材,快捷酒店,长途汽车站,展览馆,家居建材,山峰,蛋糕甜品店,科研机构,家政服务
440,23.1580985695,113.3929640877,休闲娱乐,信用社,路侧停车位,小学,诊所,健身中心,殡葬服务,疾控中心,网吧,各级政府
441,23.0324204946,113.3014166494,小吃快餐店,图书馆,茶座,通讯营业厅,医疗,超市,金融,机场出口,酒店,医疗
442,23.0125176134,113.3305726046,汽车租赁,快捷酒店,留学中介机构,邮局,度假村,岛屿,度假村,服务区,加油加气站,机场入口
443,23.0120782498,113.3400662209,物流公司,美体,车站出口,飞机场,邮局,充电站,购物中心,涉外机构,维修点,教堂
444,23.0261691241,113.3588865780,公寓式酒店,住宅区,公司,宿舍,港口,高速公路出口,汽车租赁,综合医院,机场出口,汽车美容
445,23.0473745308,113.3719008734,洗衣店,商铺,信用社,彩票销售点,新闻出版,亲子教育,邮局,特殊教育学校,公寓式酒店,公检法机构
446,23.1869017354,113.3006463068,车站出口,中学,宠物服务,停车场,洗衣店,物流公司,车站出口,咖啡厅,写字楼,动物园
447,23.1558741047,113.3939051621,超市,汽车销售,展览馆,百货商场,照相馆,科研机构,维修点,科研机构,成人教育,机场入口
448,23.0031899990,113.3253498902,高速公路入口,行政单位,车站入口,运动健身,蛋糕甜品店,典当行,公交车站,汽车检测场,休闲广场,车站出口
449,23.0293238008,113.3863565675,公交线路,广播电视,公交线路,通讯营业厅,门（备注：建筑物和建筑物群的门）,文化传媒,电影院,图文快印店,生活服务,培训机构
450,23.0081960922,113.3425023104,药店,歌舞厅,疾控中心,文化传媒,培训机构,快捷酒店,农林园艺,停车场,机场出口,飞机场
451,23.1612154997,113.3369141746,机场入口,汽车检测场,水族馆,文物古迹,广播电视,机场出口,银行,商铺,游戏场所,汽车美容
452,23.1748301891,113.3062148648,电影院,维修点,殡葬服务,美体,宿舍,党派团体,新闻出版,美容,KTV,汽车租赁
453,23.0230201562,113.3730684984,图书馆,照相馆,游戏场所,水系,超市,洗衣店,照相馆,超市,酒吧,家政服务
454,23.0132724465,113.3800837757,汽车租赁,购物,厂矿,公交车站,体育场馆,洗浴按摩,旅游景点,丽人,文物古迹,艺术团体
455,23.1844328603,113.3839613512,旅游景点,旅游景点,酒店,行政单位,报刊亭,报刊亭,各级政府,美甲,门（备注：建筑物和建筑物群的门）,综合医院
456,23.0397048328,113.3762182220,美容,党派团体,图书馆,ATM,照相馆,美体,文化传媒,KTV,洗衣店,水族馆
457,23.0418165333,113.3915886165,山峰,商铺,ATM,茶座,政府机构,照相馆,教堂,购物,飞机场,海滨浴场
458,23.1504110602,113.3003544200,自然地物,度假村,公司,展览馆,汽车租赁,游乐园,公司企业,公园,美术馆,植物园
459,23.1660045433,113.3135275953,度假村,美食,停车场,文物古迹,充电站,美发,火车站,自然地物,汽车配件,诊所
460,23.0089381618,113.3061838427,停车场,农家院,高速公路出口,酒吧,便利店,公用事业,汽车服务,公检法机构,地铁站,休闲广场
461,23.0057201814,113.3445845981,机场出口,教育培训,广播电视,行政单位,火车站,桥,ATM,茶座,公交线路,高速公路入口
462,23.1556733133,113.3863399868,路侧停车位,剧院,宿舍,急救中心,党派团体,图书馆,公寓式酒店,停车场出入口,山峰,中央机构
463,23.1860935818,113.3731373122,游乐园,高等院校,汽车配件,KTV,购物,艺术团体,宠物服务,停车场出入口,诊所,加油加气站
464,23.1789747097,113.3049295997,各级政府,商铺,ATM,中餐厅,美食,报刊亭,加油加气站,度假村,长途汽车站,专科医院
465,23.0231043353,113.3394503507,飞机场,星级酒店,药店,农林园艺,报刊亭,车站出口,综合医院,丽人,公园,公交线路
466,23.0449054367,113.3070605966,洗浴按摩,星级酒店,科技馆,剧院,公交车站,动物园,留学中介机构,车站入口,信用社,休闲广场
467,23.0342506961,113.3378713917,酒店,物流公司,公寓式酒店,中央机构,飞机场,银行,商铺,购物中心,酒店,宿舍
468,23.1686544579,113.3245103776,厂矿,宠物服务,植物园,特殊教育学校,汽车检测场,图书馆,展览馆,留学中介机构,综合医院,电影院
469,23.1633439589,113.3625691069,宠物服务,机场出口,桥,文物古迹,洗浴按摩,金融,政府机构,公交车站,房地产,歌舞厅
470,23.0248889636,113.3334945898,购物,公共厕所,汽车销售,农林园艺,快捷酒店,网吧,汽车租赁,商铺,典当行,广播电视
471,23.1530491857,113.3973530776,海滨浴场,行政单位,体育场馆,疗养院,公用事业,成人教育,报刊亭,路侧停车位,培训机构,物流公司
472,23.0365675116,113.3104378834,体检机构,投资理财,星级酒店,服务区,汽车服务,成人教育,照相馆,美发,新闻出版,银行
473,23.1926411966,113.3541197413,幼儿园,农林园艺,广播电视,路侧停车位,长途汽车站,小吃快餐店,写字楼,歌舞厅,家居建材,文化传媒
474,23.1521535369,113.3747144775,厂矿,地铁站,文化宫,地铁站,ATM,各级政府,地铁线路,集市,银行,岛屿
475,23.0404173215,113.3715973661,信用社,便利店,房产中介机构,外国餐厅,酒店,洗衣店,通讯营业厅,快捷酒店,外国餐厅,美体
476,23.0197039467,113.3035179167,农家院,港口,公司企业,港口,特殊教育学校,酒吧,高速公路入口,百货商场,酒店,公用事业
477,23.1703061238,113.3963169102,金融,邮局,亲子教育,综合医院,疗养院,水族馆,商铺,行政单位,农林园艺,疗养院
478,23.1929677034,113.3533356573,美食,长途汽车站,家电数码,美术馆,火车站,桥,维修点,美食,汽车配件,公用事业
479,23.0204338955,113.3811145604,福利机构,健身中心,极限运动场所,桥,歌舞厅,宠物服务,各级政府,美发,植物园,桥
480,23.1594144432,113.3249456635,游乐园,购物,停车场,公园,家政服务,科研机构,洗浴按摩,通讯营业厅,急救中心,住宅区
481,23.0277584777,113.3529756627,汽车租赁,教堂,汽车检测场,公司企业,机场入口,政府机构,水族馆,长途汽车站,汽车销售,汽车维修
482,23.1630232996,113.3644184750,小吃快餐店,博物馆,购物中心,歌舞厅,幼儿园,公用事业,交通设施,教育培训,科研机构,车站入口
483,23.0173525073,113.3216585945,幼儿园,汽车维修,涉外机构,图书馆,新闻出版,停车场出入口,汽车租赁,园区,家电数码,亲子教育
484,23.0056973394,113.3012997031,飞机场,住宅区,汽车配件,加油加气站,科研机构,培训机构,超市,自然地物,小学,服务区
485,23.1775159304,113.3232911400,宠物服务,网吧,园区,汽车销售,文化传媒,信用社,教堂,图书馆,汽车服务,星级酒店
486,23.1503290687,113.3869642966,邮局,公园,车站出口,园区,教堂,星级酒店,福利机构,歌舞厅,岛屿,生活服务
487,23.1926202435,113.3190107487,家政服务,出入口,港口,厂矿,专科医院,邮局,自然地物,邮局,科研机构,园区
488,23.0158277254,113.3110752923,星级酒店,水族馆,水系,车站入口,充电站,展览馆,亲子教育,公寓式酒店,培训机构,美术馆
489,23.0244345713,113.3977239835,美食,厂矿,植物园,医疗,停车场出入口,咖啡厅,出入口,药店,茶座,汽车美容
490,23.0498291420,113.3421461992,车站入口,医疗,收费站,汽车服务,典当行,新闻出版,度假村,旅游景点,快捷酒店,宿舍
491,23.0296563761,113.3641894198,银行,汽车配件,美术馆,家政服务,汽车检测场,新闻出版,成人教育,休闲娱乐,美容,星级酒店
492,23.1883442010,113.3593976021,旅游景点,家政服务,政府机构,高速公路出口,海滨浴场,汽车租赁,医疗,彩票销售点,公交线路,茶座
493,23.1764672213,113.3288820858,公交车站,文化传媒,公检法机构,体育场馆,购物,政治教育机构,加油加气站,高速公路入口,集市,疗养院
494,23.1632619831,113.3174148893,地铁线路,歌舞厅,桥,照相馆,公用事业,园区,度假村,通讯营业厅,山峰,公司
495,23.1761566841,113.3544765085,购物,洗衣店,宠物服务,公司,教育培训,集市,旅游景点,美食,岛屿,体检机构
496,23.1984089276,113.3125555118,家电数码,特殊教育学校,科研机构,KTV,汽车租赁,公寓式酒店,游乐园,机场入口,特殊教育学校,金融
497,23.1772051733,113.3552892954,教堂,加油加气站,超市,福利机构,车站出口,文物古迹,彩票销售点,路侧停车位,购物,车站入口
498,23.0427754466,113.3006205183,飞机场,邮局,高速公路入口,宿舍,服务区,家政服务,美食,图文快印店,诊所,便利店
499,23.1786890334,113.3906510998,文化传媒,汽车服务,科技馆,歌舞厅,地铁站,公共厕所,投资理财,殡葬服务,出入口,茶座
500,23.0255565927,113.3489965626,涉外机构,休闲娱乐,殡葬服务,艺术团体,机场入口,网吧,休闲娱乐,洗衣店,展览馆,图书馆
501,23.0074690215,113.3409317258,金融,宿舍,艺术团体,超市,典当行,广播电视,充电站,汽车美容,住宅区,公交车站
502,23.1818135590,113.3932909572,银行,家电数码,党派团体,综合医院,科研机构,汽车美容,加油加气站,咖啡厅,中餐厅,丽人
503,23.1693458507,113.3058210413,桥,高速公路入口,长途汽车站,小学,旅游景点,疗养院,路侧停车位,报刊亭,政治教育机构,写字楼
504,23.1898479175,113.3084237451,信用社,外国餐厅,政府机构,美体,超市,公检法机构,邮局,游乐园,医疗,收费站
505,23.0282141843,113.3184722562,岛屿,宠物服务,报刊亭,超市,加油加气站,交通设施,科研机构,教堂,汽车检测场,酒店
506,23.1817906631,113.3972072270,博物馆,洗浴按摩,新闻出版,超市,公司企业,博物馆,海滨浴场,公用事业,农林园艺,文化宫
507,23.1892191053,113.3262430451,星级酒店,福利机构,投资理财,金融,住宅区,殡葬服务,美体,维修点,专科医院,桥
508,23.0374433298,113.3456346974,专科医院,集市,疾控中心,博物馆,家居建材,科技馆,银行,交通设施,专科医院,汽车维修
509,23.1620167460,113.3490238925,桥,咖啡厅,彩票销售点,房产中介机构,汽车租赁,疗养院,公交车站,典当行,商铺,公司企业
510,23.0480685204,113.3934166434,通讯营业厅,蛋糕甜品店,汽车服务,高等院校,留学中介机构,行政单位,科技馆,高速公路入口,疗养院,宠物服务
511,23.1584634190,113.3895219435,体检机构,园区,家电数码,投资理财,报刊亭,文化传媒,生活服务,便利店,公共厕所,剧院
512,23.0416124286,113.3207439771,百货商场,专科医院,岛屿,特殊教育学校,美甲,高等院校,洗衣店,度假村,海滨浴场,岛屿
513,23.0354052473,113.3363725688,美容,厂矿,公司,电影院,游乐园,公交车站,酒吧,广播电视,百货商场,高等院校
514,23.1937520425,113.3578243551,家居建材,小学,留学中介机构,出入口,茶座,美体,茶座,政府机构,岛屿,彩票销售点
515,23.0277129417,113.3705797118,家政服务,教堂,丽人,歌舞厅,游乐园,农家院,家居建材,公司企业,快捷酒店,度假村
516,23.0101948686,113.3824289953,酒店,公司,农林园艺,汽车美容,金融,公用事业,港口,亲子教育,宿舍,房地产
517,23.0293040498,113.3585400576,自然地物,培训机构,美体,美发,公司企业,厂矿,医疗,公司企业,自然地物,文物古迹
518,23.1548192320,113.3825038447,车站出口,加油加气站,机场出口,美发,行政单位,百货商场,照相馆,游戏场所,文化宫,岛屿
519,23.1706176115,113.3907849026,高速公路入口,购物,报刊亭,展览馆,外国餐厅,机场入口,出入口,中餐厅,茶座,机场入口
520,23.0155282711,113.3258402809,自然地物,公司企业,亲子教育,农林园艺,旅游景点,家居建材,美发,咖啡厅,小学,美体
521,23.0098538925,113.3045775756,福利机构,政治教育机构,洗衣店,购物,公交车站,文化宫,机场出口,亲子教育,照相馆,汽车维修
522,23.0451009883,113.3968670866,图文快印店,信用社,咖啡厅,住宅区,亲子教育,高速公路入口,运动健身,港口,物流公司,交通设施
523,23.0022644178,113.3106330975,广播电视,星级酒店,房产中介机构,购物,地铁站,特殊教育学校,汽车检测场,高速公路入口,厂矿,银行
524,23.1878588226,113.3318166496,房产中介机构,旅游景点,桥,亲子教育,家居建材,健身中心,疾控中心,银行,动物园,体检机构
525,23.0368752839,113.3294807417,汽车检测场,山峰,成人教育,美体,美甲,宿舍,高速公路出口,图书馆,停车场出入口,彩票销售点
526,23.0046263836,113.3078349236,车站出口,港口,公用事业,汽车美容,售票处,宿舍,汽车检测场,游乐园,星级酒店,银行
527,23.0332493133,113.3313690109,丽人,游戏场所,物流公司,家居建材,物流公司,水族馆,水系,家电数码,停车场出入口,家政服务
528,23.0382501466,113.3190459599,药店,丽人,汽车维修,商铺,健身中心,港口,长途汽车站,科技馆,商铺,游乐园
529,23.1722403205,113.3651164834,文化宫,度假村,专科医院,中央机构,急救中心,图文快印店,加油加气站,高速公路出口,游乐园,科技馆
530,23.0198490478,113.3031483196,疗养院,成人教育,高速公路出口,各级政府,艺术团体,物流公司,外国餐厅,休闲广场,蛋糕甜品店,快捷酒店
531,23.1941653687,113.3559408735,教育培训,照相馆,医疗,百货商场,出入口,旅游景点,留学中介机构,咖啡厅,极限运动场所,车站出口
532,23.0020060999,113.3658120212,农家院,KTV,文化宫,百货商场,咖啡厅,小学,家政服务,丽人,照相馆,房产中介机构
533,23.0354185973,113.3500525513,路侧停车位,山峰,蛋糕甜品店,各级政府,小学,福利机构,长途汽车站,KTV,高等院校,KTV
534,23.0192702797,113.3869611046,美甲,照相馆,宿舍,长途汽车站,农林园艺,收费站,文物古迹,留学中介机构,综合医院,公共厕所
535,23.1902728249,113.3846777093,停车场出入口,博物馆,高等院校,广播电视,写字楼,维修点,山峰,家政服务,诊所,水系
536,23.0186231065,113.3829683254,幼儿园,图书馆,服务区,高等院校,家政服务,美容,剧院,公园,洗衣店,公司企业
537,23.1784628031,113.3661802172,汽车美容,出入口,植物园,教育培训,党派团体,美甲,特殊教育学校,汽车租赁,体检机构,高速公路出口
538,23.1729745090,113.3418548396,海滨浴场,商铺,厂矿,汽车租赁,疾控中心,教育培训,高速公路入口,歌舞厅,博物馆,涉外机构
539,23.1711166494,113.3460801428,度假村,风景区,政府机构,物流公司,高速公路出口,殡葬服务,风景区,岛屿,风景区,服务区
540,23.1892876628,113.3447792121,休闲广场,宠物服务,高等院校,体检机构,机场出口,高等院校,极限运动场所,艺术团体,公交线路,购物中心
541,23.1776996427,113.3950208420,ATM,幼儿园,机场入口,科研机构,水族馆,植物园,火车站,公园,银行,宿舍
542,23.0495927490,113.3364164340,公司,农林园艺,生活服务,路侧停车位,停车场出入口,中学,剧院,动物园,车站入口,百货商场
543,23.0248572282,113.3881153578,百货商场,水系,中学,集市,行政单位,报刊亭,成人教育,彩票销售点,高速公路入口,文物古迹
544,23.1779346246,113.3092690801,便利店,公寓式酒店,休闲广场,公用事业,党派团体,车站出口,车站入口,家电数码,快捷酒店,图文快印店
545,23.1643917102,113.3316068813,宿舍,文物古迹,长途汽车站,典当行,亲子教育,汽车配件,住宅区,医疗,门（备注：建筑物和建筑物群的门）,公交车站
546,23.0092096373,113.3225191170,美术馆,电影院,停车场,写字楼,亲子教育,美甲,展览馆,信用社,山峰,小吃快餐店
547,23.0320798197,113.3804068208,各级政府,加油加气站,农家院,公交车站,维修点,汽车配件,便利店,飞机场,邮局,成人教育
548,23.0468819203,113.3847202869,中央机构,星级酒店,服务区,政府机构,医疗,农林园艺,宿舍,公司企业,酒吧,丽人
549,23.0416359241,113.3188280012,中餐厅,车站出口,厂矿,自然地物,ATM,桥,丽人,图文快印店,各级政府,停车场出入口
550,23.0357297074,113.3914474154,休闲广场,艺术团体,歌舞厅,宠物服务,农林园艺,银行,车站出口,政治教育机构,照相馆,桥
551,23.0388483895,113.3027094239,科技馆,门（备注：建筑物和建筑物群的门）,体检机构,中央机构,咖啡厅,福利机构,酒吧,美发,文物古迹,展览馆
552,23.0430572958,113.3239603537,外国餐厅,公司,咖啡厅,科研机构,火车站,水族馆,厂矿,特殊教育学校,动物园,商铺
553,23.1597641705,113.3901328771,停车场,厂矿,体检机构,公交线路,地铁站,高等院校,厂矿,售票处,写字楼,信用社
554,23.0372185287,113.3830067415,成人教育,文化传媒,海滨浴场,留学中介机构,购物,彩票销售点,医疗,购物中心,党派团体,火车站
555,23.0337694552,113.3200606327,新闻出版,汽车服务,水系,洗衣店,休闲广场,洗衣店,中学,金融,科技馆,公共厕所
556,23.1758327336,113.3530790976,门（备注：建筑物和建筑物群的门）,特殊教育学校,小学,邮局,特殊教育学校,培训机构,外国餐厅,路侧停车位,KTV,农家院
557,23.0475117589,113.3334773620,成人教育,金融,长途汽车站,留学中介机构,门（备注：建筑物和建筑物群的门）,邮局,房地产,门（备注：建筑物和建筑物群的门）,高等院校,体育场馆
558,23.1677343054,113.3667582353,运动健身,公共厕所,车站入口,教育培训,售票处,咖啡厅,丽人,火车站,出入口,植物园
559,23.0388315752,113.3699983011,售票处,图文快印店,岛屿,特殊教育学校,洗浴按摩,特殊教育学校,停车场出入口,公司企业,科研机构,教育培训
560,23.1524821610,113.3662163332,中央机构,家居建材,邮局,汽车服务,银行,美食,游戏场所,水族馆,车站入口,酒店
561,23.0212193374,113.3144096027,茶座,公共厕所,购物,美发,留学中介机构,充电站,植物园,植物园,健身中心,政府机构
562,23.0491655943,113.3395194671,汽车维修,丽人,商铺,汽车维修,物流公司,电影院,美食,美发,机场入口,水系
563,23.0487860828,113.3122357479,出入口,快捷酒店,图书馆,机场入口,车站出口,汽车美容,ATM,风景区,家居建材,公司
564,23.1622780638,113.3430607420,留学中介机构,农林园艺,房地产,汽车维修,外国餐厅,汽车检测场,家电数码,中餐厅,机场入口,艺术团体
565,23.0193338696,113.3211827379,教育培训,政府机构,咖啡厅,美术馆,疗养院,路侧停车位,广播电视,广播电视,充电站,山峰
566,23.1965907376,113.3082716369,典当行,综合医院,极限运动场所,诊所,房产中介机构,物流公司,住宅区,动物园,小吃快餐店,酒店
567,23.1788347091,113.3161847500,地铁线路,休闲广场,植物园,亲子教育,游戏场所,典当行,金融,度假村,专科医院,动物园
568,23.0252426602,113.3707005475,成人教育,急救中心,车站入口,美发,地铁线路,典当行,艺术团体,殡葬服务,休闲娱乐,诊所
569,23.0344743075,113.3197858242,疗养院,美甲,体检机构,公司企业,门（备注：建筑物和建筑物群的门）,便利店,特殊教育学校,信用社,美甲,汽车租赁
570,23.1756746645,113.3526138946,充电站,园区,长途汽车站,集市,住宅区,港口,集市,海滨浴场,出入口,植物园
571,23.0053897304,113.3867170402,ATM,休闲广场,售票处,图文快印店,中餐厅,洗衣店,地铁线路,游戏场所,汽车维修,汽车配件
572,23.0465692241,113.3764666445,充电站,福利机构,小吃快餐店,住宅区,美体,车站出口,幼儿园,药店,文物古迹,自然地物
573,23.0403276013,113.3317835837,水系,电影院,汽车检测场,旅游景点,路侧停车位,家电数码,美体,典当行,美发,岛屿
574,23.0456186559,113.3859054032,美容,汽车租赁,中学,党派团体,咖啡厅,飞机场,文化传媒,汽车服务,高速公路出口,游乐园
575,23.0096722293,113.3535549728,售票处,公司企业,公司企业,港口,福利机构,茶座,便利店,充电站,特殊教育学校,汽车美容
576,23.0427292065,113.3034087494,度假村,殡葬服务,水族馆,园区,地铁线路,便利店,公园,收费站,地铁线路,文化传媒
577,23.0356406348,113.3728556330,各级政府,厂矿,外国餐厅,各级政府,汽车美容,农林园艺,收费站,亲子教育,火车站,洗衣店
578,23.1661787230,113.3592357708,新闻出版,自然地物,休闲娱乐,中央机构,公司企业,植物园,港口,公交车站,百货商场,百货商场
579,23.1589141282,113.3746819547,疾控中心,车站出口,中学,中学,物流公司,休闲娱乐,剧院,政府机构,文物古迹,休闲娱乐
580,23.0302807745,113.3850452715,生活服务,充电站,服务区,文物古迹,桥,集市,星级酒店,文物古迹,运动健身,体育场馆
581,23.1525737585,113.3149257810,公寓式酒店,疗养院,银行,售票处,生活服务,汽车配件,快捷酒店,政府机构,旅游景点,专科医院
582,23.1722682122,113.3773644744,自然地物,公寓式酒店,写字楼,休闲娱乐,诊所,展览馆,房地产,剧院,福利机构,极限运动场所
583,23.1849296030,113.3291632907,行政单位,福利机构,科研机构,门（备注：建筑物和建筑物群的门）,中学,公共厕所,房产中介机构,收费站,留学中介机构,家政服务
584,23.1933943839,113.3010274492,洗衣店,新闻出版,咖啡厅,写字楼,路侧停车位,汽车美容,飞机场,家政服务,百货商场,公司企业
585,23.0016814941,113.3597720576,购物中心,家居建材,收费站,福利机构,购物中心,休闲广场,生活服务,疗养院,艺术团体,汽车租赁
586,23.0446602625,113.3207699118,百货商场,极限运动场所,健身中心,公司企业,行政单位,公园,文化宫,自然地物,美发,各级政府
587,23.0448215060,113.3997680284,中餐厅,文化宫,房地产,家居建材,便利店,剧院,特殊教育学校,游乐园,机场出口,政府机构
588,23.1711110305,113.3203584567,极限运动场所,公检法机构,飞机场,游乐园,宠物服务,涉外机构,成人教育,彩票销售点,美体,集市
589,23.1507860782,113.3370080555,通讯营业厅,写字楼,疾控中心,宿舍,厂矿,美术馆,电影院,医疗,宿舍,停车场出入口
590,23.0303057331,113.3929486826,星级酒店,公交线路,长途汽车站,停车场出入口,ATM,投资理财,公园,公用事业,岛屿,健身中心
591,23.1735884302,113.3707824812,快捷酒店,培训机构,典当行,药店,游乐园,ATM,图文快印店,桥,涉外机构,火车站
592,23.0303487772,113.3638080464,歌舞厅,新闻出版,科技馆,茶座,家政服务,电影院,生活服务,中餐厅,蛋糕甜品店,机场出口
593,23.1600094513,113.3643262718,地铁线路,岛屿,美甲,车站出口,留学中介机构,公交线路,售票处,蛋糕甜品店,公司,酒吧
594,23.1907822593,113.3371057589,家居建材,教育培训,地铁站,写字楼,体检机构,水系,外国餐厅,星级酒店,路侧停车位,美发
595,23.1633980259,113.3914060072,成人教育,房地产,培训机构,高等院校,科研机构,福利机构,综合医院,公检法机构,宠物服务,新闻出版
596,23.0156732066,113.3421633697,邮局,报刊亭,体检机构,培训机构,港口,停车场出入口,丽人,彩票销售点,农家院,公用事业
597,23.0202293115,113.3328940007,超市,展览馆,美体,收费站,ATM,公交车站,公司,超市,写字楼,汽车销售
598,23.1823900042,113.3913761261,汽车美容,园区,医疗,自然地物,物流公司,维修点,汽车服务,出入口,岛屿,茶座
599,23.0292922072,113.3801197033,汽车维修,服务区,中央机构,游戏场所,出入口,照相馆,科研机构,公交车站,幼儿园,涉外机构
600,23.1918474156,113.3519566154,小吃快餐店,住宅区,商铺,歌舞厅,加油加气站,岛屿,游乐园,休闲广场,医疗,园区
601,23.1672248760,113.3057924627,外国餐厅,售票处,动物园,博物馆,农林园艺,房产中介机构,购物,运动健身,购物中心,歌舞厅
602,23.1964097914,113.3767185595,政府机构,体检机构,地铁线路,综合医院,教育培训,星级酒店,科技馆,动物园,生活服务,外国餐厅
603,23.0460898571,113.3704186078,茶座,特殊教育学校,科技馆,房产中介机构,游乐园,海滨浴场,农林园艺,综合医院,体检机构,物流公司
604,23.0201771714,113.3353100814,自然地物,岛屿,美发,公司,福利机构,房地产,专科医院,留学中介机构,殡葬服务,快捷酒店
605,23.1687779471,113.3423897534,停车场出入口,车站入口,政府机构,公司企业,留学中介机构,游乐园,植物园,体检机构,KTV,诊所
606,23.0130391996,113.3366221456,交通设施,游乐园,出入口,火车站,山峰,通讯营业厅,信用社,星级酒店,快捷酒店,汽车销售
607,23.1662526875,113.3232980721,出入口,地铁线路,美甲,港口,农家院,住宅区,网吧,艺术团体,亲子教育,信用社
608,23.0346668572,113.3355392876,农林园艺,外国餐厅,车站出口,公共厕所,农林园艺,图文快印店,自然地物,汽车检测场,邮局,维修点
609,23.0069949568,113.3865382808,茶座,幼儿园,留学中介机构,百货商场,公检法机构,艺术团体,汽车配件,政治教育机构,山峰,路侧停车位
610,23.0475222634,113.3727661575,高速公路出口,急救中心,银行,生活服务,美甲,公交车站,房地产,亲子教育,园区,停车场
611,23.1534798398,113.3568848930,宠物服务,游乐园,公交车站,教育培训,教育培训,文化宫,信用社,电影院,广播电视,服务区
612,23.0090018419,113.3051547893,火车站,山峰,出入口,园区,房地产,公用事业,车站出口,急救中心,高速公路出口,山峰
613,23.0031155476,113.3814872676,售票处,小学,博物馆,中餐厅,公用事业,车站出口,住宅区,公司,小学,公园
614,23.1919884156,113.3457739468,房地产,度假村,展览馆,新闻出版,家居建材,休闲广场,电影院,外国餐厅,飞机场,火车站
615,23.1917968847,113.3686038525,美体,公用事业,体检机构,ATM,高等院校,酒店,火车站,培训机构,高速公路入口,写字楼
616,23.0303728798,113.3479032794,宿舍,医疗,地铁线路,美食,汽车销售,百货商场,幼儿园,政府机构,洗衣店,高速公路入口
617,23.1570733739,113.3994009651,美发,银行,路侧停车位,农林园艺,植物园,高速公路入口,KTV,涉外机构,公检法机构,海滨浴场
618,23.1815162614,113.3352014293,公检法机构,汽车美容,邮局,外国餐厅,殡葬服务,公交车站,机场入口,集市,厂矿,殡葬服务
619,23.1549048140,113.3502702830,疗养院,园区,岛屿,住宅区,药店,高速公路出口,疗养院,生活服务,图文快印店,中央机构
620,23.0211581875,113.3014886421,中餐厅,美食,网吧,购物中心,银行,高速公路出口,KTV,疗养院,药店,中央机构
621,23.1990747153,113.3983732319,门（备注：建筑物和建筑物群的门）,农林园艺,科研机构,教堂,疗养院,幼儿园,农林园艺,体检机构,旅游景点,小吃快餐店
622,23.0379378519,113.3779008391,新闻出版,家居建材,公园,洗浴按摩,小吃快餐店,文化传媒,休闲娱乐,照相馆,公寓式酒店,动物园
623,23.0455546914,113.3214992760,中餐厅,蛋糕甜品店,公共厕所,岛屿,专科医院,健身中心,火车站,体检机构,维修点,KTV
624,23.1744788092,113.3926135371,机场出口,咖啡厅,邮局,星级酒店,公交车站,购物中心,收费站,典当行,政治教育机构,农家院
625,23.1754605545,113.3448290445,公寓式酒店,集市,快捷酒店,蛋糕甜品店,植物园,外国餐厅,培训机构,公共厕所,厂矿,公用事业
626,23.1698990416,113.3289003338,美术馆,体育场馆,汽车销售,植物园,写字楼,小吃快餐店,服务区,彩票销售点,咖啡厅,宿舍
627,23.0397135400,113.3318221763,游乐园,公园,购物,地铁站,展览馆,长途汽车站,汽车销售,高速公路入口,彩票销售点,山峰
628,23.1946428826,113.3209821975,茶座,小学,中餐厅,写字楼,美术馆,美容,高速公路出口,咖啡厅,汽车维修,专科医院
629,23.0161176892,113.3642036098,艺术团体,公寓式酒店,地铁站,培训机构,家居建材,图书馆,宠物服务,专科医院,公交线路,汽车美容
630,23.0326915926,113.3139401016,火车站,中央机构,亲子教育,科技馆,汽车检测场,海滨浴场,高速公路出口,文化传媒,广播电视,火车站
631,23.1952871285,113.3069009762,体育场馆,医疗,维修点,图文快印店,文物古迹,文化宫,中餐厅,政治教育机构,汽车配件,桥
632,23.1584944731,113.3539050039,中央机构,超市,旅游景点,火车站,港口,公园,房地产,酒吧,行政单位,培训机构
633,23.1557045933,113.3077896962,山峰,快捷酒店,飞机场,政府机构,公检法机构,旅游景点,照相馆,出入口,公共厕所,超市
634,23.1763726235,113.3678055866,教堂,公司,家电数码,游乐园,图文快印店,诊所,海滨浴场,停车场出入口,特殊教育学校,艺术团体
635,23.0101652626,113.3392312159,汽车销售,咖啡厅,自然地物,博物馆,港口,停车场,剧院,图文快印店,图文快印店,体检机构
636,23.0386825521,113.3381455098,植物园,宠物服务,高速公路出口,度假村,广播电视,专科医院,金融,公寓式酒店,风景区,生活服务
637,23.0059575522,113.3486437895,写字楼,机场入口,房产中介机构,科技馆,典当行,动物园,车站入口,动物园,车站入口,路侧停车位
638,23.0356870339,113.3775984595,地铁站,长途汽车站,洗衣店,超市,高速公路入口,政府机构,党派团体,家电数码,幼儿园,百货商场
639,23.0393552142,113.3487240668,风景区,汽车服务,公寓式酒店,健身中心,机场出口,丽人,中学,酒店,剧院,厂矿
640,23.1548657735,113.3606505188,美术馆,农家院,房产中介机构,公交车站,极限运动场所,游戏场所,自然地物,风景区,中餐厅,美体
641,23.0013427758,113.3444417205,信用社,写字楼,涉外机构,售票处,住宅区,金融,医疗,科技馆,通讯营业厅,高速公路入口
642,23.0403085396,113.3750859599,培训机构,宠物服务,诊所,生活服务,农林园艺,蛋糕甜品店,图文快印店,美体,美容,茶座
643,23.0059689037,113.3635581585,山峰,酒店,极限运动场所,政府机构,生活服务,公共厕所,度假村,体检机构,农家院,加油加气站
644,23.0438686701,113.3148038345,自然地物,图书馆,加油加气站,休闲娱乐,政府机构,诊所,疾控中心,酒店,植物园,自然地物
645,23.1653200746,113.3301743781,幼儿园,酒店,交通设施,报刊亭,医疗,典当行,歌舞厅,通讯营业厅,运动健身,中学
646,23.0489149277,113.3472692204,剧院,博物馆,中学,汽车销售,写字楼,农林园艺,歌舞厅,家电数码,自然地物,文化宫
647,23.1658294682,113.3966918274,汽车服务,特殊教育学校,留学中介机构,科技馆,健身中心,党派团体,水系,中餐厅,中央机构,火车站
648,23.1648048851,113.3538443365,图文快印店,极限运动场所,休闲广场,银行,洗衣店,自然地物,植物园,服务区,小学,教堂
649,23.1694837287,113.3285741356,文化宫,博物馆,洗衣店,公检法机构,ATM,医疗,车站出口,极限运动场所,星级酒店,美发
650,23.0356131750,113.3593112204,小学,酒吧,写字楼,小学,福利机构,政治教育机构,行政单位,邮局,休闲广场,洗衣店
651,23.0104628560,113.3184263846,公交车站,美体,住宅区,购物中心,中餐厅,收费站,物流公司,山峰,汽车维修,汽车销售
652,23.1801830716,113.3380889622,房地产,亲子教育,港口,售票处,交通设施,充电站,特殊教育学校,酒店,外国餐厅,服务区
653,23.1828461867,113.3911626121,疗养院,歌舞厅,汽车维修,电影院,艺术团体,宠物服务,超市,充电站,水族馆,停车场出入口
654,23.1822300414,113.3089649906,商铺,急救中心,涉外机构,路侧停车位,服务区,电影院,家电数码,邮局,洗浴按摩,涉外机构
655,23.0182400253,113.3504110244,机场出口,物流公司,岛屿,公交车站,收费站,汽车服务,幼儿园,宿舍,各级政府,汽车服务
656,23.1790110823,113.3076012691,政府机构,农林园艺,艺术团体,新闻出版,写字楼,风景区,农家院,疗养院,展览馆,动物园
657,23.0335302016,113.3078104021,党派团体,专科医院,度假村,公检法机构,加油加气站,山峰,自然地物,售票处,地铁站,水系
658,23.1549837594,113.3566426675,党派团体,幼儿园,咖啡厅,通讯营业厅,水系,植物园,公交车站,公交线路,特殊教育学校,售票处
659,23.1884354311,113.3314800273,丽人,彩票销售点,培训机构,小学,房产中介机构,邮局,汽车配件,美食,文化宫,长途汽车站
660,23.0329140833,113.3369461711,维修点,运动健身,展览馆,殡葬服务,彩票销售点,博物馆,投资理财,汽车销售,幼儿园,快捷酒店
661,23.0301350564,113.3476993901,亲子教育,公司,公检法机构,风景区,火车站,健身中心,岛屿,电影院,公交线路,旅游景点
662,23.1690524641,113.3002660566,植物园,汽车服务,金融,教堂,外国餐厅,疗养院,文化传媒,写字楼,留学中介机构,党派团体
663,23.0179673828,113.3307128470,地铁线路,疗养院,游乐园,家电数码,汽车配件,新闻出版,火车站,充电站,动物园,汽车维修
664,23.0012821900,113.3536714665,彩票销售点,休闲广场,海滨浴场,网吧,涉外机构,典当行,地铁线路,停车场出入口,物流公司,教育培训
665,23.0150424678,113.3195782765,典当行,商铺,度假村,成人教育,政府机构,亲子教育,购物,公司企业,停车场,疾控中心
666,23.1695549687,113.3890393149,展览馆,报刊亭,长途汽车站,家政服务,公园,停车场出入口,电影院,极限运动场所,亲子教育,歌舞厅
667,23.0055859127,113.3081077290,服务区,休闲娱乐,各级政府,公用事业,典当行,公寓式酒店,门（备注：建筑物和建筑物群的门）,海滨浴场,汽车租赁,公交线路
668,23.0264632947,113.3271568211,极限运动场所,集市,教堂,停车场出入口,集市,疗养院,酒店,汽车销售,特殊教育学校,幼儿园
669,23.0469278228,113.3642019381,中学,艺术团体,涉外机构,住宅区,科研机构,文物古迹,通讯营业厅,售票处,厂矿,便利店
670,23.1824595200,113.3952843662,百货商场,中餐厅,中央机构,殡葬服务,照相馆,购物中心,火车站,成人教育,中餐厅,美发
671,23.1932737820,113.3482594815,机场入口,教育培训,火车站,百货商场,公司企业,洗浴按摩,服务区,博物馆,车站入口,生活服务
672,23.1850166591,113.3594707967,电影院,住宅区,充电站,极限运动场所,银行,风景区,蛋糕甜品店,培训机构,中学,山峰
673,23.0347423559,113.3168452729,美术馆,汽车租赁,售票处,通讯营业厅,售票处,写字楼,港口,家政服务,博物馆,园区
674,23.0139361575,113.3884796988,通讯营业厅,美甲,水族馆,政府机构,水系,房地产,福利机构,酒吧,休闲广场,中餐厅
675,23.1796262431,113.3174320186,健身中心,海滨浴场,酒吧,便利店,美发,外国餐厅,美发,文物古迹,美体,房地产
676,23.1860429436,113.3348765555,高等院校,体育场馆,小学,殡葬服务,山峰,公司,汽车租赁,信用社,剧院,休闲广场
677,23.1704319155,113.3027820954,公用事业,展览馆,维修点,美食,新闻出版,蛋糕甜品店,车站出口,休闲娱乐,洗衣店,港口
678,23.0016683090,113.3806431451,照相馆,美食,汽车美容,星级酒店,岛屿,美术馆,美发,健身中心,地铁站,水族馆
679,23.1649751947,113.3194163017,汽车美容,专科医院,运动健身,文化传媒,成人教育,中餐厅,汽车美容,高等院校,殡葬服务,体育场馆
680,23.0326062663,113.3096268826,交通设施,岛屿,信用社,文化传媒,政治教育机构,公用事业,福利机构,家居建材,小学,农林园艺
681,23.0326579013,113.3536197775,丽人,科技馆,殡葬服务,商铺,公共厕所,酒店,风景区,艺术团体,科研机构,涉外机构
682,23.0466392196,113.3371992916,房产中介机构,高速公路入口,KTV,福利机构,公交线路,公交车站,培训机构,公寓式酒店,交通设施,通讯营业厅
683,23.0130233336,113.3505643162,丽人,集市,通讯营业厅,报刊亭,丽人,汽车维修,公用事业,通讯营业厅,公司,农林园艺
684,23.1872639265,113.3486891316,游乐园,疗养院,高等院校,便利店,写字楼,KTV,高速公路出口,游乐园,诊所,高速公路入口
685,23.1587860419,113.3573802160,公寓式酒店,疗养院,小学,邮局,汽车服务,典当行,高速公路出口,特殊教育学校,植物园,歌舞厅
686,23.1789088807,113.3724721321,购物,岛屿,写字楼,度假村,公交线路,住宅区,中央机构,宿舍,游戏场所,水族馆
687,23.0387539532,113.3793896864,专科医院,百货商场,培训机构,广播电视,公园,购物中心,新闻出版,休闲娱乐,报刊亭,房地产
688,23.0077194328,113.3410407348,游戏场所,家居建材,公寓式酒店,农林园艺,路侧停车位,电影院,厂矿,体育场馆,图书馆,政府机构
689,23.0074086203,113.3802177593,地铁线路,家电数码,写字楼,长途汽车站,岛屿,投资理财,ATM,动物园,成人教育,小吃快餐店
690,23.0358970569,113.3739435705,高速公路出口,中餐厅,公寓式酒店,文物古迹,高等院校,房产中介机构,通讯营业厅,美甲,中学,生活服务
691,23.1573819944,113.3011255697,殡葬服务,岛屿,火车站,山峰,专科医院,文物古迹,高速公路出口,写字楼,中学,政府机构
692,23.0436144314,113.3501758835,美食,教育培训,小学,出入口,公交车站,科技馆,体检机构,美食,酒店,家电数码
693,23.1586657598,113.3226647256,咖啡厅,广播电视,汽车检测场,报刊亭,党派团体,蛋糕甜品店,港口,山峰,加油加气站,飞机场
694,23.1566880297,113.3244184503,咖啡厅,健身中心,桥,商铺,美体,中央机构,歌舞厅,家电数码,路侧停车位,科研机构
695,23.1541119859,113.3426304607,房地产,高速公路入口,美体,长途汽车站,药店,高速公路出口,图文快印店,酒吧,茶座,岛屿
696,23.0104751860,113.3814640272,风景区,机场入口,充电站,植物园,休闲娱乐,自然地物,亲子教育,交通设施,报刊亭,小学
697,23.0246314216,113.3982951272,加油加气站,休闲娱乐,汽车租赁,福利机构,文化传媒,专科医院,殡葬服务,美体,房地产,超市
698,23.0208727057,113.3162366768,诊所,公交线路,新闻出版,专科医院,车站入口,宠物服务,住宅区,文化传媒,机场出口,售票处
699,23.1594684979,113.3180324992,中学,诊所,茶座,公寓式酒店,运动健身,公检法机构,急救中心,酒店,图书馆,小学
700,23.1818292166,113.3730008006,各级政府,充电站,投资理财,行政单位,美甲,信用社,留学中介机构,游戏场所,美术馆,汽车维修
701,23.1670297095,113.3476972552,展览馆,洗衣店,公司,汽车服务,游乐园,公交线路,小学,酒吧,科研机构,机场入口
702,23.1854437060,113.3766730933,房地产,公检法机构,KTV,物流公司,汽车美容,汽车租赁,洗浴按摩,农家院,水系,长途汽车站
703,23.0399647114,113.3605029593,美发,医疗,中餐厅,便利店,成人教育,洗衣店,宠物服务,幼儿园,地铁站,网吧
704,23.1655077318,113.3415919982,百货商场,公司企业,公交线路,汽车服务,房地产,机场入口,体育场馆,公交车站,科研机构,高速公路出口
705,23.0445471316,113.3256456947,宠物服务,运动健身,亲子教育,教育培训,宿舍,小学,家政服务,外国餐厅,物流公司,水族馆
706,23.1982590470,113.3486657290,艺术团体,体检机构,美体,服务区,自然地物,加油加气站,行政单位,疗养院,中央机构,体育场馆
707,23.0388747688,113.3805494821,政治教育机构,美发,园区,公检法机构,邮局,火车站,公司,购物,电影院,博物馆
708,23.1551494800,113.3405112434,诊所,汽车配件,福利机构,公检法机构,园区,新闻出版,网吧,信用社,高速公路入口,公共厕所
709,23.0370064384,113.3243634548,邮局,极限运动场所,售票处,停车场出入口,公园,岛屿,体检机构,超市,机场入口,快捷酒店
710,23.1915900663,113.3960130349,汽车维修,咖啡厅,中央机构,邮局,美容,星级酒店,游乐园,培训机构,广播电视,家政服务
711,23.0268755035,113.3262197312,教堂,疗养院,门（备注：建筑物和建筑物群的门）,图文快印店,银行,行政单位,丽人,极限运动场所,水系,医疗
712,23.1729216430,113.3106719582,公司,公用事业,亲子教育,美甲,生活服务,疾控中心,文化宫,汽车租赁,诊所,洗衣店
713,23.0186676427,113.3207647895,加油加气站,新闻出版,房地产,酒吧,超市,网吧,厂矿,充电站,汽车检测场,教堂
714,23.1842691809,113.3271807456,地铁站,文化传媒,福利机构,公司,彩票销售点,投资理财,交通设施,成人教育,疗养院,疗养院
715,23.0473231791,113.3456060593,飞机场,火车站,旅游景点,地铁线路,停车场,房产中介机构,综合医院,园区,星级酒店,公交车站
716,23.0444733848,113.3318542650,小学,度假村,电影院,车站出口,图文快印店,自然地物,桥,教堂,公共厕所,培训机构
717,23.1779218793,113.3605693803,休闲娱乐,行政单位,照相馆,高速公路入口,亲子教育,公交车站,蛋糕甜品店,物流公司,汽车租赁,岛屿
718,23.0459531469,113.3568589765,疾控中心,汽车维修,疾控中心,极限运动场所,诊所,飞机场,公园,茶座,图书馆,党派团体
719,23.1659308475,113.3770418430,疗养院,机场出口,物流公司,星级酒店,中央机构,图书馆,新闻出版,家政服务,丽人,中央机构
720,23.1721377027,113.3056274454,丽人,体育场馆,中央机构,高等院校,急救中心,海滨浴场,宿舍,高速公路出口,外国餐厅,网吧
721,23.0056437000,113.3171784655,美甲,培训机构,服务区,交通设施,加油加气站,图文快印店,酒吧,极限运动场所,停车场出入口,维修点
722,23.0020173968,113.3494101972,加油加气站,写字楼,体检机构,住宅区,宠物服务,岛屿,汽车租赁,海滨浴场,公用事业,电影院
723,23.1596119970,113.3173800661,图书馆,外国餐厅,丽人,快捷酒店,报刊亭,教堂,水族馆,博物馆,照相馆,快捷酒店
724,23.1973971899,113.3266085795,洗衣店,幼儿园,美食,各级政府,超市,涉外机构,风景区,海滨浴场,农家院,党派团体
725,23.1994674391,113.3882035533,ATM,收费站,咖啡厅,中餐厅,加油加气站,彩票销售点,药店,游戏场所,集市,留学中介机构
726,23.1825971417,113.3133487041,水族馆,农家院,汽车美容,美甲,加油加气站,培训机构,家电数码,新闻出版,风景区,药店
727,23.0042560589,113.3437448316,涉外机构,政治教育机构,金融,汽车销售,涉外机构,图书馆,园区,高速公路入口,幼儿园,美容
728,23.1686293384,113.3236979931,公园,运动健身,游乐园,文物古迹,科研机构,典当行,酒吧,新闻出版,写字楼,车站出口
729,23.1562532934,113.3175383628,小吃快餐店,购物,邮局,诊所,快捷酒店,休闲广场,体检机构,疗养院,写字楼,广播电视
730,23.0442907831,113.3409921894,公共厕所,咖啡厅,成人教育,美食,ATM,公园,公用事业,路侧停车位,百货商场,文化传媒
731,23.0462014403,113.3891463795,文化传媒,公园,电影院,美体,集市,美术馆,文物古迹,成人教育,房地产,汽车维修
732,23.1551470150,113.3779321392,洗衣店,美发,飞机场,图书馆,照相馆,宿舍,美甲,网吧,公司企业,极限运动场所
733,23.1500087048,113.3558645982,邮局,购物中心,极限运动场所,医疗,生活服务,写字楼,收费站,长途汽车站,公用事业,休闲娱乐
734,23.0180413403,113.3124260827,物流公司,中央机构,照相馆,美术馆,特殊教育学校,洗衣店,公司企业,集市,游戏场所,高等院校
735,23.1671716756,113.3973502641,商铺,小学,广播电视,成人教育,休闲广场,汽车销售,健身中心,各级政府,机场出口,公司企业
736,23.1735497105,113.3485945264,美甲,洗衣店,风景区,酒店,广播电视,风景区,写字楼,文化传媒,购物中心,中央机构
737,23.0175306996,113.3974821761,运动健身,家居建材,汽车美容,文化传媒,充电站,出入口,车站入口,银行,家电数码,电影院
738,23.1617114588,113.3079212478,水系,交通设施,农家院,信用社,住宅区,农家院,农林园艺,地铁线路,药店,桥
739,23.1774403589,113.3073913079,写字楼,疗养院,汽车美容,物流公司,停车场,停车场出入口,疾控中心,新闻出版,中餐厅,桥
740,23.0174012298,113.3642253435,蛋糕甜品店,培训机构,旅游景点,留学中介机构,公司,出入口,美发,高等院校,度假村,网吧
741,23.1990347998,113.3563545468,家政服务,厂矿,园区,集市,公司,出入口,中央机构,商铺,维修点,体检机构
742,23.0208676573,113.3979456683,广播电视,商铺,桥,福利机构,洗浴按摩,高速公路出口,汽车租赁,度假村,酒店,收费站
743,23.1969904409,113.3431229396,维修点,疗养院,购物中心,游戏场所,家电数码,动物园,文化传媒,公园,游乐园,房产中介机构
744,23.0062494020,113.3601703795,汽车检测场,美术馆,成人教育,洗浴按摩,教堂,博物馆,急救中心,邮局,美容,科技馆
745,23.0060361272,113.3692597457,福利机构,丽人,住宅区,公园,行政单位,公共厕所,公检法机构,文物古迹,文化传媒,电影院
746,23.0262894284,113.3049107648,艺术团体,酒吧,外国餐厅,休闲广场,美容,物流公司,自然地物,艺术团体,科技馆,植物园
747,23.0094335500,113.3081925857,综合医院,公寓式酒店,中餐厅,党派团体,图书馆,岛屿,邮局,机场出口,服务区,图书馆
748,23.1950034655,113.3693098756,剧院,家政服务,海滨浴场,艺术团体,文化宫,火车站,科研机构,机场出口,文化传媒,休闲广场
749,23.0137483374,113.3389377420,博物馆,度假村,留学中介机构,健身中心,政府机构,高速公路出口,长途汽车站,水族馆,医疗,充电站
750,23.1817188096,113.3557929458,休闲娱乐,自然地物,风景区,购物中心,党派团体,车站入口,疾控中心,门（备注：建筑物和建筑物群的门）,剧院,中学
751,23.1984549369,113.3118336903,岛屿,汽车租赁,机场入口,家政服务,美食,自然地物,留学中介机构,综合医院,政治教育机构,咖啡厅
752,23.0096847471,113.3976079448,行政单位,涉外机构,教堂,各级政府,农林园艺,度假村,专科医院,各级政府,公司,火车站
753,23.0002659955,113.3551247956,留学中介机构,火车站,汽车配件,售票处,旅游景点,成人教育,幼儿园,公交车站,小学,商铺
754,23.0203660670,113.3697710379,出入口,培训机构,诊所,集市,教堂,艺术团体,公司企业,动物园,售票处,物流公司
755,23.0015496881,113.3758650160,小吃快餐店,农家院,中央机构,各级政府,水族馆,诊所,极限运动场所,特殊教育学校,美术馆,信用社
756,23.0005662508,113.3411231555,公司,公交线路,中学,美容,水族馆,电影院,文物古迹,洗衣店,极限运动场所,充电站
757,23.1797960184,113.3563653718,星级酒店,幼儿园,图文快印店,风景区,美容,亲子教育,运动健身,地铁站,高等院校,洗浴按摩
758,23.0336871067,113.3500201992,休闲广场,典当行,各级政府,文化传媒,长途汽车站,家居建材,酒吧,美发,公寓式酒店,桥
759,23.0408158206,113.3982878467,汽车租赁,百货商场,商铺,停车场,高速公路入口,疗养院,桥,文物古迹,体检机构,网吧
760,23.0287167872,113.3261209399,商铺,文化传媒,火车站,机场出口,政治教育机构,药店,展览馆,教堂,售票处,成人教育
761,23.0022038348,113.3204922756,药店,购物,超市,政府机构,美术馆,文化宫,剧院,生活服务,集市,文化传媒
762,23.0009482271,113.3738029556,商铺,丽人,殡葬服务,地铁站,殡葬服务,汽车租赁,海滨浴场,信用社,广播电视,美食
763,23.0155698860,113.3738717151,公检法机构,酒店,教堂,宠物服务,KTV,汽车检测场,植物园,汽车检测场,美容,政府机构
764,23.0269652749,113.3789284232,图文快印店,植物园,投资理财,公共厕所,地铁站,农家院,信用社,通讯营业厅,急救中心,综合医院
765,23.0161398414,113.3966656356,充电站,展览馆,山峰,汽车配件,邮局,公交线路,农林园艺,电影院,福利机构,文化宫
766,23.1730938707,113.3999979906,植物园,咖啡厅,家政服务,公交线路,公寓式酒店,急救中心,写字楼,宠物服务,服务区,园区
767,23.1665507068,113.3971192821,山峰,电影院,汽车配件,动物园,星级酒店,歌舞厅,生活服务,邮局,集市,彩票销售点
768,23.0013008337,113.3571723100,物流公司,家电数码,集市,KTV,运动健身,健身中心,汽车检测场,体育场馆,百货商场,KTV
769,23.0180118257,113.3168613308,公园,KTV,培训机构,医疗,购物,加油加气站,培训机构,休闲娱乐,健身中心,报刊亭
770,23.1894329618,113.3382072892,极限运动场所,出入口,动物园,福利机构,公用事业,歌舞厅,园区,成人教育,彩票销售点,公交线路
771,23.0464768793,113.3980009904,生活服务,长途汽车站,公寓式酒店,岛屿,汽车服务,服务区,公司企业,地铁站,涉外机构,图文快印店
772,23.1637242814,113.3990404539,酒店,科研机构,体育场馆,报刊亭,飞机场,商铺,体育场馆,政治教育机构,金融,歌舞厅
773,23.0340689508,113.3496995258,房产中介机构,充电站,度假村,展览馆,文物古迹,图文快印店,文物古迹,党派团体,公司,博物馆
774,23.0306594816,113.3485822832,宿舍,专科医院,行政单位,金融,博物馆,行政单位,留学中介机构,展览馆,培训机构,疾控中心
775,23.1567236561,113.3858501202,洗浴按摩,美容,中央机构,桥,体检机构,洗衣店,福利机构,车站出口,汽车销售,交通设施
776,23.0125666834,113.3722077380,路侧停车位,成人教育,农家院,专科医院,汽车销售,高速公路出口,文物古迹,家政服务,照相馆,出入口
777,23.0078629408,113.3845039043,美甲,公交车站,机场入口,图书馆,百货商场,车站入口,各级政府,高速公路出口,汽车租赁,汽车美容
778,23.0367228908,113.3665096244,公司企业,博物馆,房产中介机构,超市,健身中心,咖啡厅,交通设施,汽车维修,照相馆,住宅区
779,23.0348848378,113.3018088623,急救中心,购物中心,医疗,超市,网吧,水系,药店,ATM,体检机构,涉外机构
780,23.0012905690,113.3290668796,酒吧,新闻出版,文化宫,中央机构,公园,车站入口,写字楼,度假村,车站出口,高等院校
781,23.1903520951,113.3584822457,广播电视,小学,留学中介机构,水系,文物古迹,极限运动场所,写字楼,留学中介机构,彩票销售点,停车场出入口
782,23.0430640411,113.3712971805,水族馆,美发,丽人,购物,文化宫,旅游景点,行政单位,极限运动场所,汽车销售,幼儿园
783,23.0029853019,113.3052160495,宿舍,丽人,路侧停车位,美容,美甲,地铁线路,公交车站,留学中介机构,新闻出版,涉外机构
784,23.1617894316,113.3999047967,科研机构,外国餐厅,洗衣店,星级酒店,高速公路出口,综合医院,投资理财,物流公司,美甲,幼儿园
785,23.1549137301,113.3649189635,歌舞厅,房地产,急救中心,交通设施,汽车服务,星级酒店,飞机场,典当行,网吧,党派团体
786,23.0137321755,113.3430009195,车站出口,洗衣店,照相馆,车站出口,公园,车站入口,房产中介机构,医疗,厂矿,休闲广场
787,23.0111097957,113.3443271673,文化宫,岛屿,电影院,各级政府,图书馆,美术馆,地铁线路,咖啡厅,诊所,专科医院
788,23.1732011423,113.3806651551,高速公路出口,长途汽车站,急救中心,汽车检测场,公共厕所,交通设施,公共厕所,超市,水系,房产中介机构
789,23.1845307209,113.3052702326,留学中介机构,百货商场,火车站,水系,停车场出入口,百货商场,福利机构,快捷酒店,疗养院,高速公路入口
790,23.1748986733,113.3765332830,亲子教育,美食,旅游景点,政治教育机构,岛屿,科技馆,购物,美甲,风景区,海滨浴场
791,23.0362135984,113.3867572590,福利机构,停车场,水系,星级酒店,教育培训,维修点,公司企业,购物,图书馆,休闲娱乐
792,23.1922509261,113.3969377231,中央机构,岛屿,政治教育机构,科技馆,高速公路出口,物流公司,咖啡厅,丽人,涉外机构,特殊教育学校
793,23.0034177173,113.3730523377,生活服务,投资理财,星级酒店,超市,新闻出版,彩票销售点,运动健身,集市,专科医院,停车场
794,23.1772831311,113.3471936705,幼儿园,电影院,酒店,百货商场,洗衣店,外国餐厅,疗养院,车站入口,住宅区,机场出口
795,23.0208807144,113.3100373428,桥,售票处,动物园,游戏场所,KTV,飞机场,家电数码,停车场,植物园,便利店
796,23.1861394665,113.3508151451,茶座,桥,剧院,港口,小吃快餐店,行政单位,极限运动场所,电影院,留学中介机构,自然地物
797,23.1503526931,113.3824138383,特殊教育学校,公寓式酒店,图书馆,科技馆,写字楼,信用社,车站入口,地铁线路,生活服务,汽车租赁
798,23.0410074410,113.3467616831,运动健身,写字楼,农家院,公寓式酒店,购物,酒店,图文快印店,新闻出版,公园,政府机构
799,23.1617951871,113.3776750114,网吧,综合医院,通讯营业厅,蛋糕甜品店,美体,丽人,教堂,农林园艺,公司,风景区
800,23.0339918441,113.3822578009,海滨浴场,美体,路侧停车位,汽车服务,培训机构,收费站,路侧停车位,丽人,洗衣店,游乐园
801,23.0159794398,113.3792822136,住宅区,文化宫,水系,公园,洗浴按摩,服务区,停车场,充电站,售票处,游乐园
802,23.1613934541,113.3342937201,汽车销售,停车场出入口,植物园,福利机构,公交线路,教堂,汽车检测场,图书馆,网吧,咖啡厅
803,23.1826911709,113.3511097798,公共厕所,度假村,成人教育,风景区,港口,旅游景点,文物古迹,公交线路,酒店,公司
804,23.1878828552,113.3016073177,美食,党派团体,加油加气站,高速公路入口,岛屿,家电数码,医疗,公交车站,旅游景点,桥
805,23.1913466297,113.3979755965,门（备注：建筑物和建筑物群的门）,美体,休闲娱乐,售票处,旅游景点,水系,岛屿,典当行,各级政府,家电数码
806,23.1792198874,113.3707635836,金融,公园,急救中心,蛋糕甜品店,汽车美容,岛屿,美术馆,宠物服务,生活服务,火车站
807,23.1515473996,113.3129538397,出入口,公共厕所,游戏场所,网吧,家政服务,行政单位,中餐厅,长途汽车站,彩票销售点,疾控中心
808,23.0094543905,113.3748893973,车站出口,美术馆,文化传媒,家电数码,海滨浴场,展览馆,山峰,服务区,房产中介机构,邮局
809,23.1999490871,113.3511702073,生活服务,运动健身,留学中介机构,中学,金融,茶座,汽车配件,游戏场所,停车场,房产中介机构
810,23.0439540752,113.3316876869,休闲娱乐,公用事业,教育培训,洗衣店,各级政府,诊所,地铁线路,信用社,党派团体,园区
811,23.0267916571,113.3019088474,集市,公司,机场入口,银行,丽人,美甲,电影院,地铁线路,加油加气站,电影院
812,23.0231404827,113.3685465882,药店,幼儿园,汽车美容,银行,公检法机构,汽车服务,商铺,文物古迹,金融,艺术团体
813,23.0105368668,113.3661141404,诊所,地铁线路,汽车租赁,新闻出版,KTV,百货商场,邮局,典当行,彩票销售点,外国餐厅
814,23.0234742069,113.3168755261,极限运动场所,培训机构,疗养院,美食,写字楼,公交线路,公司企业,公司,宠物服务,地铁线路
815,23.0422808785,113.3847493520,家居建材,投资理财,停车场,广播电视,邮局,汽车销售,金融,机场入口,休闲娱乐,报刊亭
816,23.1520156265,113.3852415943,写字楼,港口,美食,专科医院,投资理财,动物园,博物馆,咖啡厅,行政单位,写字楼
817,23.1529577917,113.3049781040,彩票销售点,教堂,游戏场所,房地产,路侧停车位,运动健身,洗衣店,美术馆,图文快印店,政治教育机构
818,23.0387976516,113.3014460056,咖啡厅,购物,医疗,停车场出入口,山峰,特殊教育学校,休闲广场,健身中心,门（备注：建筑物和建筑物群的门）,急救中心
819,23.1658225225,113.3157635121,家政服务,急救中心,健身中心,便利店,药店,服务区,彩票销售点,公共厕所,歌舞厅,收费站
820,23.0272820337,113.3473717790,成人教育,岛屿,度假村,公园,美甲,彩票销售点,中央机构,休闲广场,酒店,火车站
821,23.1842990565,113.3322337471,加油加气站,美容,公检法机构,火车站,小学,新闻出版,家电数码,家居建材,报刊亭,植物园
822,23.0273310403,113.3972502625,留学中介机构,休闲娱乐,成人教育,宿舍,美食,各级政府,科技馆,游乐园,旅游景点,药店
823,23.1910028194,113.3590416879,机场入口,医疗,宠物服务,游戏场所,疾控中心,中餐厅,各级政府,留学中介机构,出入口,停车场出入口
824,23.1874114147,113.3099354680,公司企业,综合医院,美食,公共厕所,公寓式酒店,宿舍,百货商场,公司企业,剧院,报刊亭
825,23.1775935289,113.3169502077,写字楼,火车站,洗衣店,体检机构,生活服务,邮局,急救中心,公检法机构,公检法机构,机场出口
826,23.1631576650,113.3188416144,风景区,岛屿,文化宫,洗浴按摩,停车场出入口,汽车服务,收费站,公用事业,运动健身,KTV
827,23.0470875337,113.3740035956,便利店,集市,极限运动场所,网吧,小学,公用事业,图书馆,小学,水系,蛋糕甜品店
828,23.0079569435,113.3093906930,中餐厅,火车站,游乐园,汽车租赁,公园,中餐厅,美食,家政服务,车站入口,水族馆
829,23.0303563744,113.3828994883,动物园,综合医院,植物园,剧院,物流公司,小学,美术馆,农家院,剧院,门（备注：建筑物和建筑物群的门）
830,23.1878778907,113.3731332448,维修点,行政单位,政治教育机构,机场入口,地铁线路,邮局,剧院,政府机构,房地产,高等院校
831,23.0367608525,113.3895545765,汽车维修,购物,房地产,中餐厅,地铁站,家居建材,机场入口,厂矿,投资理财,汽车美容
832,23.0280509942,113.3801469793,汽车租赁,山峰,美甲,培训机构,厂矿,公交车站,展览馆,图书馆,极限运动场所,丽人
833,23.0152176358,113.3443613052,高速公路入口,公寓式酒店,新闻出版,图文快印店,超市,综合医院,通讯营业厅,亲子教育,涉外机构,外国餐厅
834,23.0305181508,113.3168842560,图文快印店,展览馆,加油加气站,快捷酒店,小学,ATM,农林园艺,汽车配件,洗衣店,彩票销售点
835,23.0364680528,113.3172616597,充电站,美食,动物园,政府机构,广播电视,体检机构,投资理财,水系,飞机场,教堂
836,23.1646043070,113.3953308305,图文快印店,充电站,中央机构,厂矿,美食,展览馆,美术馆,医疗,桥,党派团体
837,23.0199163681,113.3905180185,水族馆,休闲广场,公用事业,文物古迹,殡葬服务,公园,美体,美食,咖啡厅,网吧
838,23.0200241728,113.3511547336,游戏场所,美食,购物,购物中心,体育场馆,报刊亭,外国餐厅,留学中介机构,留学中介机构,文化宫
839,23.0191275285,113.3789400266,特殊教育学校,公用事业,桥,维修点,典当行,公交线路,歌舞厅,出入口,外国餐厅,度假村
840,23.0302221865,113.3134655006,酒店,文物古迹,洗浴按摩,停车场,成人教育,文化宫,行政单位,公寓式酒店,公司,高速公路入口
841,23.0489219833,113.3063302733,集市,售票处,蛋糕甜品店,休闲广场,专科医院,网吧,长途汽车站,专科医院,交通设施,出入口
842,23.0188540632,113.3468704009,游乐园,运动健身,加油加气站,政治教育机构,茶座,物流公司,生活服务,幼儿园,外国餐厅,中学
843,23.1839778535,113.3490404985,彩票销售点,公交线路,电影院,信用社,路侧停车位,美食,园区,文化传媒,高速公路入口,汽车美容
844,23.1958533807,113.3377057184,党派团体,急救中心,自然地物,留学中介机构,党派团体,星级酒店,公共厕所,快捷酒店,金融,公交线路
845,23.1839484156,113.3427839884,星级酒店,文物古迹,健身中心,银行,ATM,疗养院,照相馆,风景区,急救中心,政府机构
846,23.0311868727,113.3206375461,公寓式酒店,超市,丽人,商铺,酒店,公用事业,公共厕所,培训机构,美体,停车场
847,23.0033254530,113.3372286589,体育场馆,游戏场所,收费站,游乐园,园区,服务区,园区,信用社,新闻出版,地铁站
848,23.1641872206,113.3192679534,高速公路入口,购物,美容,培训机构,交通设施,飞机场,文物古迹,住宅区,机场入口,港口
849,23.0256267367,113.3743992965,休闲娱乐,培训机构,商铺,公共厕所,休闲娱乐,火车站,地铁站,写字楼,游乐园,水族馆
850,23.1642622527,113.3049487990,广播电视,丽人,汽车服务,休闲广场,快捷酒店,写字楼,体检机构,宠物服务,停车场出入口,动物园
851,23.0209585533,113.3615462815,购物,文化传媒,高速公路入口,艺术团体,洗衣店,农林园艺,药店,游乐园,家居建材,美容
852,23.0448147178,113.3616968688,药店,美发,住宅区,金融,电影院,家居建材,亲子教育,出入口,行政单位,美食
853,23.1636018258,113.3068920794,便利店,邮局,中学,植物园,留学中介机构,水族馆,小学,留学中介机构,停车场出入口,涉外机构
854,23.0463668519,113.3819204120,美发,游乐园,房地产,机场入口,剧院,车站出口,公检法机构,照相馆,宿舍,留学中介机构
855,23.1619930184,113.3875456304,照相馆,文物古迹,ATM,路侧停车位,公用事业,岛屿,留学中介机构,疗养院,住宅区,外国餐厅
856,23.0471691701,113.3076085810,ATM,售票处,汽车维修,专科医院,KTV,典当行,投资理财,歌舞厅,汽车配件,洗浴按摩
857,23.0473187659,113.3228787197,邮局,艺术团体,公交车站,信用社,医疗,火车站,药店,疗养院,KTV,美食
858,23.0299830665,113.3747016549,银行,药店,车站出口,行政单位,中餐厅,广播电视,运动健身,邮局,地铁站,商铺
859,23.0389156757,113.3337873041,图文快印店,公寓式酒店,飞机场,疗养院,动物园,酒吧,网吧,留学中介机构,商铺,展览馆
860,23.0322619437,113.3145513565,家政服务,剧院,报刊亭,典当行,休闲广场,中学,超市,KTV,门（备注：建筑物和建筑物群的门）,美体
861,23.1547645399,113.3785146711,商铺,公用事业,商铺,维修点,小学,汽车服务,展览馆,报刊亭,车站出口,旅游景点
862,23.0336157602,113.3156969638,美术馆,剧院,特殊教育学校,银行,公司企业,商铺,停车场,游乐园,度假村,汽车销售
863,23.1635907920,113.3690922149,诊所,各级政府,涉外机构,咖啡厅,酒吧,公司企业,购物中心,亲子教育,公用事业,家电数码
864,23.1892290501,113.3516243513,专科医院,幼儿园,银行,典当行,快捷酒店,家电数码,彩票销售点,图书馆,科研机构,信用社
865,23.1814306794,113.3889575199,宿舍,公司企业,农家院,运动健身,广播电视,游乐园,游戏场所,政府机构,药店,高速公路入口
866,23.0008125934,113.3357414421,机场入口,广播电视,剧院,丽人,疗养院,汽车美容,新闻出版,中餐厅,电影院,汽车服务
867,23.1999953211,113.3519383619,美食,政治教育机构,广播电视,极限运动场所,星级酒店,高等院校,家居建材,蛋糕甜品店,小吃快餐店,政府机构
868,23.0277041294,113.3734950416,宠物服务,公司企业,飞机场,图书馆,公园,体育场馆,涉外机构,门（备注：建筑物和建筑物群的门）,园区,充电站
869,23.1967624886,113.3655451119,汽车维修,星级酒店,公司企业,长途汽车站,家电数码,度假村,路侧停车位,长途汽车站,诊所,洗浴按摩
870,23.1798935805,113.3433703616,山峰,疾控中心,疗养院,水系,加油加气站,公寓式酒店,火车站,公用事业,停车场出入口,汽车美容
871,23.0174485029,113.3873929869,汽车维修,汽车销售,政治教育机构,涉外机构,美发,门（备注：建筑物和建筑物群的门）,游乐园,山峰,疾控中心,美术馆
872,23.0020334951,113.3534559662,植物园,急救中心,售票处,商铺,汽车维修,文化传媒,植物园,生活服务,通讯营业厅,酒店
873,23.0403604649,113.3925794059,彩票销售点,综合医院,投资理财,邮局,公交车站,通讯营业厅,汽车配件,特殊教育学校,洗浴按摩,图文快印店
874,23.1529055050,113.3883233066,疗养院,岛屿,岛屿,蛋糕甜品店,报刊亭,游乐园,涉外机构,殡葬服务,收费站,电影院
875,23.0291015024,113.3019707648,地铁站,汽车租赁,家政服务,小学,教堂,家电数码,地铁站,艺术团体,美食,图文快印店
876,23.0083488135,113.3821613864,港口,服务区,亲子教育,购物,美体,美食,植物园,地铁站,极限运动场所,科研机构
877,23.1551995453,113.3566066503,长途汽车站,医疗,公司,特殊教育学校,飞机场,药店,宠物服务,报刊亭,公用事业,小学
878,23.1673168008,113.3284235161,中央机构,超市,公园,蛋糕甜品店,特殊教育学校,山峰,美甲,涉外机构,彩票销售点,酒吧
879,23.0254526665,113.3618086423,快捷酒店,成人教育,车站出口,飞机场,出入口,公司,公司,汽车维修,机场入口,出入口
880,23.0205131016,113.3636845146,医疗,蛋糕甜品店,车站入口,体检机构,公寓式酒店,快捷酒店,科技馆,超市,网吧,艺术团体
881,23.1801317823,113.3660845424,水系,汽车美容,成人教育,休闲广场,美发,机场入口,公检法机构,公交线路,酒店,物流公司
882,23.0489685503,113.3439731408,商铺,各级政府,园区,汽车租赁,报刊亭,家电数码,交通设施,行政单位,海滨浴场,厂矿
883,23.0376540531,113.3845479564,信用社,水系,酒吧,ATM,极限运动场所,公检法机构,车站入口,农林园艺,美体,地铁站
884,23.1559556307,113.3655359217,宠物服务,科技馆,家政服务,加油加气站,休闲娱乐,殡葬服务,典当行,写字楼,图文快印店,ATM
885,23.0489381223,113.3243269544,照相馆,蛋糕甜品店,银行,彩票销售点,歌舞厅,文化宫,山峰,健身中心,美甲,购物
886,23.1997972018,113.3688049638,维修点,文物古迹,信用社,体检机构,科研机构,幼儿园,新闻出版,极限运动场所,酒店,新闻出版
887,23.1903748315,113.3203144452,图书馆,购物,山峰,体育场馆,中学,火车站,美食,文物古迹,急救中心,高速公路出口
888,23.1874113695,113.3042837426,厂矿,自然地物,便利店,水族馆,照相馆,公共厕所,各级政府,园区,网吧,药店
889,23.1681948521,113.3436168934,美甲,特殊教育学校,信用社,汽车检测场,艺术团体,文化宫,公寓式酒店,园区,地铁站,高速公路出口
890,23.0088446502,113.3321312522,涉外机构,风景区,充电站,剧院,中学,体检机构,家电数码,公交车站,行政单位,桥
891,23.0289872029,113.3021867842,出入口,文物古迹,投资理财,网吧,彩票销售点,汽车配件,图书馆,咖啡厅,地铁站,蛋糕甜品店
892,23.0415805918,113.3734163291,门（备注：建筑物和建筑物群的门）,科技馆,高等院校,美体,公检法机构,物流公司,出入口,银行,生活服务,路侧停车位
893,23.1712203866,113.3133782801,休闲娱乐,运动健身,农林园艺,体育场馆,美甲,汽车租赁,停车场出入口,专科医院,歌舞厅,汽车配件
894,23.0300712830,113.3303303527,艺术团体,植物园,便利店,疾控中心,体育场馆,游戏场所,公交线路,彩票销售点,物流公司,飞机场
895,23.0308404506,113.3915442876,公司,公检法机构,门（备注：建筑物和建筑物群的门）,汽车配件,汽车维修,休闲广场,教育培训,疗养院,特殊教育学校,殡葬服务
896,23.1507242805,113.3450879435,便利店,公园,厂矿,家居建材,地铁线路,休闲广场,公用事业,汽车配件,美发,便利店
897,23.1703679961,113.3602972034,成人教育,交通设施,洗浴按摩,小学,中餐厅,美食,科研机构,物流公司,公寓式酒店,广播电视
898,23.0054876426,113.3728116598,山峰,疾控中心,洗衣店,公园,汽车服务,美食,公园,维修点,美术馆,电影院
899,23.0353887562,113.3686843619,博物馆,医疗,科技馆,长途汽车站,邮局,购物中心,休闲娱乐,剧院,汽车配件,汽车租赁
900,23.0482109479,113.3023881465,幼儿园,投资理财,美甲,综合医院,文化传媒,特殊教育学校,旅游景点,成人教育,收费站,便利店
901,23.1549301014,113.3632832571,风景区,电影院,高速公路入口,车站出口,地铁站,交通设施,体育场馆,商铺,高速公路出口,停车场
902,23.0371203035,113.3710995610,机场出口,地铁站,加油加气站,汽车美容,文化宫,度假村,自然地物,停车场出入口,咖啡厅,美甲
903,23.1529383857,113.3441003854,党派团体,集市,交通设施,各级政府,写字楼,幼儿园,综合医院,极限运动场所,歌舞厅,汽车美容
904,23.0240304945,113.3837754853,涉外机构,图书馆,歌舞厅,党派团体,自然地物,汽车美容,风景区,洗衣店,诊所,车站入口
905,23.0069197845,113.3111615922,飞机场,生活服务,加油加气站,机场出口,教育培训,文物古迹,教堂,政治教育机构,成人教育,房产中介机构
906,23.0363276240,113.3652770258,公园,药店,极限运动场所,物流公司,商铺,疗养院,游乐园,快捷酒店,海滨浴场,幼儿园
907,23.0367799047,113.3908105866,农家院,宿舍,体育场馆,火车站,留学中介机构,高等院校,快捷酒店,成人教育,ATM,KTV
908,23.1812907238,113.3463161079,公交车站,山峰,中央机构,公交车站,农林园艺,中学,公园,美食,公司企业,公用事业
909,23.0319950921,113.3159863012,亲子教育,充电站,电影院,KTV,中餐厅,飞机场,剧院,文物古迹,汽车配件,游乐园
910,23.0039809481,113.3069294251,图文快印店,游戏场所,农家院,教育培训,文化宫,小学,教育培训,旅游景点,洗浴按摩,美甲
911,23.0284710168,113.3231285963,图文快印店,公用事业,福利机构,物流公司,美甲,农林园艺,疗养院,度假村,网吧,急救中心
912,23.1597121750,113.3793679481,海滨浴场,交通设施,购物中心,机场出口,体检机构,公司,公检法机构,政府机构,生活服务,路侧停车位
913,23.0277918147,113.3198657786,岛屿,洗浴按摩,快捷酒店,加油加气站,美体,车站出口,汽车销售,公用事业,门（备注：建筑物和建筑物群的门）,机场出口
914,23.0200269419,113.3427292123,机场出口,留学中介机构,商铺,美食,快捷酒店,公园,商铺,典当行,特殊教育学校,游乐园
915,23.0110356586,113.3722662612,公共厕所,外国餐厅,展览馆,特殊教育学校,KTV,蛋糕甜品店,教育培训,政府机构,体检机构,收费站
916,23.0171368427,113.3253510872,中学,公交线路,汽车销售,疗养院,自然地物,停车场出入口,美术馆,百货商场,极限运动场所,休闲娱乐
917,23.0369303275,113.3581906495,港口,交通设施,党派团体,高速公路出口,公检法机构,咖啡厅,高速公路入口,火车站,邮局,急救中心
918,23.0459466291,113.3678021188,药店,海滨浴场,外国餐厅,信用社,专科医院,体育场馆,党派团体,酒店,公司企业,家居建材
919,23.0298449974,113.3341593623,汽车配件,售票处,洗浴按摩,茶座,地铁站,售票处,快捷酒店,便利店,汽车销售,公用事业
920,23.1850664497,113.3892449080,殡葬服务,投资理财,公用事业,特殊教育学校,游乐园,房产中介机构,公司,购物中心,机场入口,公检法机构
921,23.1569621186,113.3671549284,涉外机构,新闻出版,茶座,门（备注：建筑物和建筑物群的门）,幼儿园,美术馆,汽车服务,岛屿,住宅区,专科医院
922,23.1686267989,113.3430154461,ATM,照相馆,教堂,美体,地铁线路,酒吧,邮局,宿舍,自然地物,动物园
923,23.1659459093,113.3899068565,高速公路入口,洗衣店,汽车服务,特殊教育学校,长途汽车站,涉外机构,宿舍,公司企业,收费站,亲子教育
924,23.0392458959,113.3434526982,星级酒店,快捷酒店,酒店,山峰,停车场,美术馆,充电站,公用事业,金融,文物古迹
925,23.0045216521,113.3484610147,殡葬服务,亲子教育,新闻出版,诊所,中学,超市,留学中介机构,集市,邮局,极限运动场所
926,23.0391593940,113.3953291283,体育场馆,科技馆,超市,游乐园,植物园,网吧,留学中介机构,图文快印店,邮局,购物中心
927,23.1716026254,113.3242142738,成人教育,教育培训,博物馆,殡葬服务,美发,农家院,中餐厅,小吃快餐店,休闲娱乐,特殊教育学校
928,23.1513074714,113.3596743126,歌舞厅,酒店,公寓式酒店,汽车美容,汽车检测场,KTV,专科医院,汽车维修,停车场出入口,博物馆
929,23.1559491825,113.3290991316,地铁站,家居建材,高速公路入口,新闻出版,植物园,涉外机构,酒吧,公园,高速公路入口,售票处
930,23.1850844815,113.3453501336,宿舍,汽车服务,商铺,教堂,公共厕所,留学中介机构,家居建材,酒店,博物馆,公司企业
931,23.0028171116,113.3922318844,行政单位,急救中心,超市,小吃快餐店,福利机构,丽人,中央机构,房地产,丽人,公用事业
932,23.0124915255,113.3244274957,教堂,中学,地铁站,行政单位,公园,蛋糕甜品店,图文快印店,机场出口,汽车服务,美发
933,23.0116501159,113.3790918831,园区,水族馆,自然地物,便利店,美体,海滨浴场,体育场馆,医疗,商铺,公司企业
934,23.1995924797,113.3312308826,百货商场,自然地物,高速公路入口,疗养院,政府机构,家电数码,彩票销售点,生活服务,飞机场,汽车配件
935,23.0085938433,113.3101782670,文化宫,公寓式酒店,农林园艺,宠物服务,地铁站,文物古迹,外国餐厅,健身中心,海滨浴场,门（备注：建筑物和建筑物群的门）
936,23.0454591268,113.3198585243,厂矿,房地产,水族馆,美食,成人教育,加油加气站,美容,新闻出版,中学,外国餐厅
937,23.1564566071,113.3750944969,科研机构,公交车站,飞机场,港口,停车场出入口,酒店,留学中介机构,充电站,运动健身,网吧
938,23.0362012159,113.3230522758,行政单位,农林园艺,休闲娱乐,汽车销售,疾控中心,房产中介机构,汽车销售,成人教育,健身中心,广播电视
939,23.1617145929,113.3701399071,服务区,文化传媒,科技馆,门（备注：建筑物和建筑物群的门）,剧院,福利机构,房产中介机构,ATM,报刊亭,飞机场
940,23.0452124400,113.3764827976,科技馆,专科医院,星级酒店,报刊亭,教堂,汽车美容,ATM,体育场馆,水系,充电站
941,23.0132569423,113.3227414183,植物园,药店,广播电视,药店,机场入口,港口,药店,购物中心,蛋糕甜品店,剧院
942,23.1624234759,113.3468319721,美发,美体,公用事业,党派团体,生活服务,集市,家居建材,ATM,自然地物,火车站
943,23.0407888494,113.3044374366,购物中心,诊所,涉外机构,购物中心,美容,丽人,蛋糕甜品店,收费站,农林园艺,生活服务
944,23.0151383562,113.3294959458,机场入口,飞机场,美体,快捷酒店,汽车租赁,银行,住宅区,休闲娱乐,超市,物流公司
945,23.0121583904,113.3756298725,维修点,房地产,出入口,剧院,家电数码,彩票销售点,家居建材,丽人,路侧停车位,教育培训
946,23.1509406511,113.3622985285,生活服务,展览馆,公交车站,写字楼,长途汽车站,ATM,水族馆,家电数码,蛋糕甜品店,公司企业
947,23.1983454916,113.3499491623,快捷酒店,公寓式酒店,出入口,疗养院,新闻出版,汽车维修,典当行,殡葬服务,电影院,动物园
948,23.1891910540,113.3352961628,售票处,商铺,歌舞厅,岛屿,文物古迹,停车场,疗养院,彩票销售点,维修点,休闲娱乐
949,23.0224491181,113.3138309999,地铁站,体育场馆,洗浴按摩,教育培训,休闲广场,政治教育机构,车站入口,公司企业,亲子教育,典当行
950,23.0117981201,113.3635720339,公司企业,银行,照相馆,高等院校,维修点,政府机构,公司企业,亲子教育,汽车服务,幼儿园
951,23.1747313581,113.3877824822,动物园,风景区,农家院,写字楼,家居建材,各级政府,公交车站,宠物服务,公寓式酒店,水系
952,23.1562291081,113.3298583046,水族馆,体育场馆,专科医院,写字楼,美食,幼儿园,风景区,各级政府,金融,休闲娱乐
953,23.0196248154,113.3698192100,商铺,幼儿园,加油加气站,亲子教育,公交线路,通讯营业厅,海滨浴场,涉外机构,停车场,岛屿
954,23.1941379714,113.3968918732,宿舍,充电站,植物园,公检法机构,政府机构,公园,文化传媒,疗养院,加油加气站,星级酒店
955,23.0425823141,113.3586838284,美体,KTV,门（备注：建筑物和建筑物群的门）,图书馆,售票处,图文快印店,疾控中心,游乐园,党派团体,山峰
956,23.0275227483,113.3356004596,培训机构,房地产,百货商场,厂矿,地铁线路,图文快印店,公寓式酒店,政治教育机构,高等院校,美体
957,23.1847456171,113.3147103808,火车站,特殊教育学校,小吃快餐店,疗养院,快捷酒店,植物园,特殊教育学校,歌舞厅,农家院,剧院
958,23.0109847215,113.3145322246,机场出口,快捷酒店,公检法机构,蛋糕甜品店,住宅区,KTV,农家院,园区,房产中介机构,便利店
959,23.1916324651,113.3795777715,文物古迹,涉外机构,剧院,银行,游乐园,购物,园区,购物中心,港口,风景区
960,23.0134469176,113.3483835401,农林园艺,机场入口,急救中心,成人教育,成人教育,图书馆,图文快印店,殡葬服务,公共厕所,歌舞厅
961,23.1583889952,113.3426995148,公司,服务区,购物,专科医院,亲子教育,出入口,科技馆,自然地物,广播电视,美甲
962,23.1655996173,113.3090459266,急救中心,家政服务,科技馆,园区,超市,体育场馆,便利店,动物园,科研机构,汽车租赁
963,23.1886271183,113.3116258903,疗养院,宠物服务,出入口,福利机构,百货商场,银行,文化宫,宿舍,体育场馆,地铁线路
964,23.0003757524,113.3612845811,疾控中心,长途汽车站,政府机构,汽车维修,中学,汽车检测场,丽人,幼儿园,房地产,出入口
965,23.1964642232,113.3165884803,休闲娱乐,剧院,艺术团体,充电站,体检机构,公交线路,综合医院,高速公路入口,KTV,展览馆
966,23.1829191920,113.3969773449,ATM,山峰,体检机构,专科医院,中学,疗养院,通讯营业厅,汽车配件,休闲娱乐,外国餐厅
967,23.1721051439,113.3551960364,超市,美食,投资理财,中餐厅,快捷酒店,桥,医疗,科研机构,物流公司,便利店
968,23.0437940950,113.3067843279,汽车维修,农林园艺,服务区,文物古迹,风景区,蛋糕甜品店,茶座,体检机构,文物古迹,文物古迹
969,23.0001540172,113.3622944663,购物,机场出口,水族馆,购物中心,物流公司,旅游景点,酒吧,停车场出入口,飞机场,教育培训
970,23.1745936472,113.3461848568,地铁站,广播电视,中餐厅,图文快印店,照相馆,出入口,服务区,汽车美容,广播电视,美发
971,23.1668163242,113.3721326520,诊所,图书馆,茶座,广播电视,留学中介机构,ATM,特殊教育学校,百货商场,写字楼,网吧
972,23.0186416694,113.3240097724,洗浴按摩,酒吧,新闻出版,宿舍,特殊教育学校,宿舍,汽车维修,房产中介机构,机场出口,海滨浴场
973,23.0172490196,113.3252297859,休闲广场,典当行,水系,诊所,汽车配件,服务区,充电站,美体,游乐园,文物古迹
974,23.1911407307,113.3659135741,厂矿,政治教育机构,生活服务,健身中心,典当行,度假村,公司企业,游乐园,交通设施,艺术团体
975,23.0275393671,113.3607186941,银行,动物园,高速公路出口,休闲广场,极限运动场所,药店,体检机构,诊所,艺术团体,物流公司
976,23.1929055619,113.3826722273,综合医院,急救中心,游乐园,度假村,政府机构,车站出口,成人教育,政府机构,房地产,售票处
977,23.0371407218,113.3264436269,房产中介机构,公交线路,咖啡厅,交通设施,超市,港口,汽车美容,家电数码,写字楼,图文快印店
978,23.0397307192,113.3037589440,长途汽车站,高等院校,诊所,公交线路,亲子教育,汽车维修,涉外机构,美容,火车站,疾控中心
979,23.0470661493,113.3337198707,长途汽车站,动物园,新闻出版,房产中介机构,公寓式酒店,飞机场,家电数码,小吃快餐店,涉外机构,售票处
980,23.0154766045,113.3203415935,购物中心,汽车租赁,住宅区,售票处,特殊教育学校,住宅区,山峰,综合医院,度假村,汽车维修
981,23.0267384608,113.3814164002,中央机构,银行,游乐园,教育培训,农林园艺,汽车销售,长途汽车站,家政服务,高速公路出口,公交车站
982,23.1711181115,113.3186618343,机场入口,汽车租赁,家政服务,中餐厅,文化宫,留学中介机构,汽车美容,动物园,典当行,高速公路出口
983,23.1881178626,113.3749017705,亲子教育,售票处,公司,汽车配件,药店,殡葬服务,宠物服务,亲子教育,酒吧,百货商场
984,23.0342853006,113.3746974420,洗浴按摩,银行,住宅区,动物园,地铁站,中学,休闲广场,小学,收费站,诊所
985,23.1795761107,113.3693972983,公司,网吧,维修点,飞机场,网吧,休闲娱乐,海滨浴场,汽车租赁,金融,中学
986,23.1642356951,113.3240757522,家居建材,风景区,旅游景点,美食,交通设施,运动健身,蛋糕甜品店,KTV,照相馆,宠物服务
987,23.0239586669,113.3744105024,蛋糕甜品店,快捷酒店,高速公路入口,急救中心,汽车销售,文化传媒,维修点,体育场馆,美发,文物古迹
988,23.1857329250,113.3173975009,福利机构,高等院校,公检法机构,体育场馆,家电数码,艺术团体,飞机场,车站入口,住宅区,党派团体
989,23.1753740959,113.3661756943,机场出口,汽车维修,典当行,政治教育机构,汽车美容,美容,医疗,美容,党派团体,度假村
990,23.1619665916,113.3204467854,住宅区,旅游景点,涉外机构,充电站,门（备注：建筑物和建筑物群的门）,极限运动场所,休闲娱乐,飞机场,政治教育机构,公交线路
991,23.1974724729,113.3684074958,健身中心,写字楼,培训机构,公司企业,电影院,博物馆,政府机构,剧院,网吧,酒店
992,23.0214334169,113.3212042310,科研机构,水系,公共厕所,车站出口,公寓式酒店,停车场,ATM,门（备注：建筑物和建筑物群的门）,行政单位,机场入口
993,23.1723223654,113.3781769931,彩票销售点,成人教育,收费站,商铺,疗养院,收费站,照相馆,停车场,投资理财,蛋糕甜品店
994,23.0366098787,113.3611469344,门（备注：建筑物和建筑物群的门）,中学,车站入口,飞机场,疗养院,丽人,公交车站,便利店,公司企业,充电站
995,23.0334684913,113.3333490848,汽车配件,殡葬服务,高速公路入口,公交车站,美食,公检法机构,公用事业,园区,酒吧,家电数码
996,23.1632816641,113.3170100552,图书馆,新闻出版,通讯营业厅,公用事业,门（备注：建筑物和建筑物群的门）,急救中心,洗浴按摩,小学,通讯营业厅,收费站
997,23.1793499111,113.3407735932,美体,KTV,家居建材,专科医院,加油加气站,KTV,桥,党派团体,汽车服务,汽车维修
998,23.1885554775,113.3210014269,植物园,汽车美容,地铁线路,亲子教育,疾控中心,飞机场,亲子教育,写字楼,特殊教育学校,培训机构
999,23.1639811608,113.3103014771,美甲,出入口,度假村,新闻出版,服务区,长途汽车站,美发,小吃快餐店,美容,党派团体
